f#CODE;ENGLISH;FRENCH;GERMAN;POLSKI;SPANISH;ITALIAN;SWEDISH;CZECH;HUNGARIAN;DUTCH;PORTUGESE;RUSSIAN;FINNISH;x
region_Russia_East_Arkhangelsk;East Arkhangel'sk;;;;;;;;;;;;;x
region_Azerbaijan_Azerbaijan;Azerbaijan;;;;;;;;;;;;;x
region_Russia_West_Arkhangelsk;West Arkhangel'sk;;;;;;;;;;;;;x
region_Azerbaijan_Nagorno-Karabakh;Nagorno-Karabakh;;;;;;;;;;;;;x
region_Azerbaijan_Nakhchivan;Nakhchivan;;;;;;;;;;;;;x
region_Russia_Volgograd;Volgograd;;;;;;;;;;;;;x
region_Armenia_Armenia;Armenia;;;;;;;;;;;;;x
region_Russia_North_Karelia;North Karelia;;;;;;;;;;;;;x
region_Russia_South_Karelia;South Karelia;;;;;;;;;;;;;x
region_Lithuania_East_Lithuania;East Lithuania;;;;;;;;;;;;;x
region_Lithuania_West_Lithuania;West Lithuania;;;;;;;;;;;;;x
region_Russia_South_Komi;South Komi;;;;;;;;;;;;;x
region_Russia_North_Komi;North Komi;;;;;;;;;;;;;x
region_Latvia_West_Latvia;West Latvia;;;;;;;;;;;;;x
region_Latvia_East_Latvia;East Latvia;;;;;;;;;;;;;x
region_Russia_East_Murmansk;East Murmansk;;;;;;;;;;;;;x
region_Russia_West_Murmansk;West Murmansk;;;;;;;;;;;;;x
region_Russia_East_Vologda;East Vologda;;;;;;;;;;;;;x
region_Russia_West_Vologda;West Vologda;;;;;;;;;;;;;x
region_Estonia_Estonia;Estonia;;;;;;;;;;;;;x
region_Moldova_Moldova;Moldova;;;;;;;;;;;;;x
region_Russia_North_Caucasus;North Caucasus;;;;;;;;;;;;;x
region_Russia_Dagestan;Dagestan;;;;;;;;;;;;;x
region_Belarus_Minsk;Minsk;;;;;;;;;;;;;x
region_Belarus_Vitsyebsk;Vitsyebsk;;;;;;;;;;;;;x
region_Belarus_Gomel;Gomel';;;;;;;;;;;;;x
region_Belarus_Brest;Brest;;;;;;;;;;;;;x
region_Russia_Stavropol;Stavropol;;;;;;;;;;;;;x
region_Georgia_Georgia;Georgia;;;;;;;;;;;;;x
region_Ukraine_Donetsk;Donetsk;;;;;;;;;;;;;x
region_Ukraine_Kharkiv;Kharkiv;;;;;;;;;;;;;x
region_Ukraine_Chernihiv;Chernihiv;;;;;;;;;;;;;x
region_Ukraine_Dnipropetrovsk;Dnipropetrovsk;;;;;;;;;;;;;x
region_Ukraine_Kherson;Kherson;;;;;;;;;;;;;x
region_Ukraine_Odesa;Odesa;;;;;;;;;;;;;x
region_Ukraine_Cherkasy;Cherkasy;;;;;;;;;;;;;x
region_Ukraine_Kiev;Kyiv;;;;;;;;;;;;;x
region_Ukraine_Vinnytsya;Vinnytsya;;;;;;;;;;;;;x
region_Ukraine_Chernivtsi;Chernivtsi;;;;;;;;;;;;;x
region_Russia_Astrakhan;Astrakhan;;;;;;;;;;;;;x
region_Ukraine_Lviv;Lviv;;;;;;;;;;;;;x
region_Ukraine_Lutsk;Lutsk;;;;;;;;;;;;;x
region_Ukraine_Crimea;Crimea;;;;;;;;;;;;;x
region_Russia_Bashkortostan;Bashkortostan;;;;;;;;;;;;;x
region_Russia_Belgorod;Belgorod;;;;;;;;;;;;;x
region_Russia_Bryansk;Bryansk;;;;;;;;;;;;;x
region_Russia_Chelyabinsk;Chelyabinsk;;;;;;;;;;;;;x
region_Russia_Chuvash;Chuvash;;;;;;;;;;;;;x
region_Russia_Ivanovo;Ivanovo;;;;;;;;;;;;;x
region_Russia_Kaliningrad;Kaliningrad;;;;;;;;;;;;;x
region_Russia_Kalmyk;Kalmyk;;;;;;;;;;;;;x
region_Russia_Kaluga;Kaluga;;;;;;;;;;;;;x
region_Russia_Kirov;Kirov;;;;;;;;;;;;;x
region_Russia_Komi-Permyak;Komi-Permyak;;;;;;;;;;;;;x
region_Russia_Kostroma;Kostroma;;;;;;;;;;;;;x
region_Russia_Krasnodar;Krasnodar;;;;;;;;;;;;;x
region_Russia_Kursk;Kursk;;;;;;;;;;;;;x
region_Russia_Leningrad;Leningrad;;;;;;;;;;;;;x
region_Russia_Lipetsk;Lipetsk;;;;;;;;;;;;;x
region_Russia_Mariy-El;Mariy-El;;;;;;;;;;;;;x
region_Russia_Mordovia;Mordovia;;;;;;;;;;;;;x
region_Russia_Moskva;Moskva;;;;;;;;;;;;;x
region_Russia_Nizhegorod;Nizhegorod;;;;;;;;;;;;;x
region_Russia_Novgorod;Novgorod;;;;;;;;;;;;;x
region_Russia_Orel;Orel;;;;;;;;;;;;;x
region_Russia_Orenburg;Orenburg;;;;;;;;;;;;;x
region_Russia_Penza;Penza;;;;;;;;;;;;;x
region_Russia_Perm;Perm;;;;;;;;;;;;;x
region_Russia_Pskov;Pskov;;;;;;;;;;;;;x
region_Russia_Rostov;Rostov;;;;;;;;;;;;;x
region_Russia_Ryazan;Ryazan;;;;;;;;;;;;;x
region_Russia_Samara;Samara;;;;;;;;;;;;;x
region_Russia_Saratov;Saratov;;;;;;;;;;;;;x
region_Russia_Smolensk;Smolensk;;;;;;;;;;;;;x
region_Russia_Tambov;Tambov;;;;;;;;;;;;;x
region_Russia_Tatarstan;Tatarstan;;;;;;;;;;;;;x
region_Russia_Tula;Tula;;;;;;;;;;;;;x
region_Russia_Tver;Tver;;;;;;;;;;;;;x
region_Russia_Udmurt;Udmurt;;;;;;;;;;;;;x
region_Russia_Ulyanovsk;Ul'yanovsk;;;;;;;;;;;;;x
region_Russia_Vladimir;Vladimir;;;;;;;;;;;;;x
region_Russia_Voronezh;Voronezh;;;;;;;;;;;;;x
region_Russia_Yaroslavl;Yaroslavl;;;;;;;;;;;;;x
region_Russia_East_Altay;East Altay;;;;;;;;;;;;;x
region_Russia_West_Altay;West Altay;;;;;;;;;;;;;x
region_Russia_East_Buryat;East Buryat;;;;;;;;;;;;;x
region_Russia_North_Buryat;North Buryat;;;;;;;;;;;;;x
region_Russia_South_Buryat;South Buryat;;;;;;;;;;;;;x
region_Russia_East_Chita;East Chita;;;;;;;;;;;;;x
region_Russia_South_Chita;South Chita;;;;;;;;;;;;;x
region_Russia_Chukot;Chukot;;;;;;;;;;;;;x
#region_Russia_Provideniya;Provideniya;;;;;;;;;;;;;x
region_Russia_Anadyr;Anadyr;;;;;;;;;;;;;x
region_Russia_Beringovsky;Beringovsky;;;;;;;;;;;;;x
region_Russia_Bilibino;Bilibino;;;;;;;;;;;;;x
region_Russia_Chaunskaya_Bay;Chaunskaya Bay;;;;;;;;;;;;;x
region_Russia_Egvekinot;Egvekinot;;;;;;;;;;;;;x
region_Russia_Mys_Shmidta;Mys Shmidta;;;;;;;;;;;;;x
#region_Russia_Provideniya;Provideniya;;;;;;;;;;;;;x
region_Russia_Bodaybo;Bodaybo;;;;;;;;;;;;;x
region_Russia_Katangskiy_rayon_Irkutsk;Katangskiy rayon Irkutsk;;;;;;;;;;;;;x
region_Russia_Central_Irkutsk;Central Irkutsk;;;;;;;;;;;;;x
region_Russia_South_Irkutsk;South Irkutsk;;;;;;;;;;;;;x
region_Russia_West_Irkutsk;West Irkutsk;;;;;;;;;;;;;x
region_Russia_Chumikan;Chumikan;;;;;;;;;;;;;x
region_Russia_Okhotsk;Okhotsk;;;;;;;;;;;;;x
region_Russia_South_Khanty-Mansi;South Khanty-Mansi;;;;;;;;;;;;;x
region_Russia_Surgut;Surgut;;;;;;;;;;;;;x
region_Russia_Khanty-Mansi;Khanty-Mansi;;;;;;;;;;;;;x
region_Russia_Beryozovo;Beryozovo;;;;;;;;;;;;;x
region_Russia_Nizhnevartovsk;Nizhnevartovsk;;;;;;;;;;;;;x
region_Russia_East_Koryak;East Koryak;;;;;;;;;;;;;x
region_Russia_North_Koryak;North Koryak;;;;;;;;;;;;;x
region_Russia_South_Koryak;South Koryak;;;;;;;;;;;;;x
region_Russia_North_Krasnoyarsk;North Krasnoyarsk;;;;;;;;;;;;;x
region_Russia_Central_Krasnoyarsk;Central Krasnoyarsk;;;;;;;;;;;;;x
region_Russia_East_Krasnoyarsk;East Krasnoyarsk;;;;;;;;;;;;;x
region_Russia_South_Krasnoyarsk;South Krasnoyarsk;;;;;;;;;;;;;x
region_Russia_East_Magadan;East Magadan;;;;;;;;;;;;;x
region_Russia_West_Magadan;West Magadan;;;;;;;;;;;;;x
region_Kazakhstan_Uralsk;Ural'sk;;;;;;;;;;;;;x
region_Russia_East_Novosibirsk;East Novosibirsk;;;;;;;;;;;;;x
region_Kazakhstan_Atyrau;Atyrau;;;;;;;;;;;;;x
region_Kazakhstan_Mangghystau;Mangghystau;;;;;;;;;;;;;x
region_Kazakhstan_Aktyubinsk;Aktyubinsk;;;;;;;;;;;;;x
region_Kazakhstan_Kustanay;Kustanay;;;;;;;;;;;;;x
region_Kazakhstan_Kzyl-Orda;Kzyl-Orda;;;;;;;;;;;;;x
region_Kazakhstan_South_Kazakhstan;South Kazakhstan;;;;;;;;;;;;;x
region_Kazakhstan_Dzhambul;Dzhambul;;;;;;;;;;;;;x
region_Kazakhstan_Pavlodar;Pavlodar;;;;;;;;;;;;;x
region_Kazakhstan_Vostochno-Kazakhstan;Vostochno-Kazakhstan;;;;;;;;;;;;;x
region_Kazakhstan_Semipalatinsk;Semipalatinsk;;;;;;;;;;;;;x
region_Kazakhstan_Dzhezkazgan;Dzhezkazgan;;;;;;;;;;;;;x
region_Kazakhstan_Karaganda;Karaganda;;;;;;;;;;;;;x
region_Kazakhstan_Taldy-Kurgan;Taldy-Kurgan;;;;;;;;;;;;;x
region_Kazakhstan_Alma-Ata;Alma-Ata;;;;;;;;;;;;;x
region_Kazakhstan_Severo-Kazakhstan;Severo-Kazakhstan;;;;;;;;;;;;;x
region_Kazakhstan_Tselinograd;Tselinograd;;;;;;;;;;;;;x
region_Kazakhstan_Kokchetar;Kokchetar;;;;;;;;;;;;;x
region_Russia_West_Novosibirsk;West Novosibirsk;;;;;;;;;;;;;x
region_Turkmenistan_Ahal;Ahal;;;;;;;;;;;;;x
region_Russia_Belaya_Gora;Belaya Gora;;;;;;;;;;;;;x
region_Russia_Bulun;Bulun;;;;;;;;;;;;;x
region_Turkmenistan_Balkan;Balkan;;;;;;;;;;;;;x
region_Russia_Chersky;Chersky;;;;;;;;;;;;;x
region_Russia_Srednekolymsk;Srednekolymsk;;;;;;;;;;;;;x
region_Russia_Zyryanka;Zyryanka;;;;;;;;;;;;;x
region_Russia_Mirnyy;Mirnyy;;;;;;;;;;;;;x
region_Russia_NW_-_Sakha;NW - Sakha;;;;;;;;;;;;;x
region_Turkmenistan_Chardzhou;Chardzhou;;;;;;;;;;;;;x
region_Russia_Nyurba;Nyurba;;;;;;;;;;;;;x
region_Russia_Sakha;Sakha;;;;;;;;;;;;;x
region_Turkmenistan_Mary;Mary;;;;;;;;;;;;;x
region_Russia_Ust-Maya;Ust-Maya;;;;;;;;;;;;;x
region_Russia_Ust-Yansky;Ust-Yansky;;;;;;;;;;;;;x
region_Russia_Verkhoyansk;Verkhoyansk;;;;;;;;;;;;;x
region_Turkmenistan_Tashauz;Tashauz;;;;;;;;;;;;;x
region_Russia_Yakutsk;Yakutsk;;;;;;;;;;;;;x
region_Russia_Neryungri;Neryungri;;;;;;;;;;;;;x
region_Uzbekistan_Karakalpakia;Karakalpakia;;;;;;;;;;;;;x
region_Uzbekistan_Samarkand;Samarkand;;;;;;;;;;;;;x
region_Russia_North_Sverdlovsk;North Sverdlovsk;;;;;;;;;;;;;x
region_Uzbekistan_Kashkadarin;Kashkadarin;;;;;;;;;;;;;x
region_Russia_South_Sverdlovsk;South Sverdlovsk;;;;;;;;;;;;;x
region_Uzbekistan_Dzhizak;Dzhizak;;;;;;;;;;;;;x
region_Uzbekistan_Tashkent;Tashkent;;;;;;;;;;;;;x
region_Russia_West_Sverdlovsk;West Sverdlovsk;;;;;;;;;;;;;x
region_Uzbekistan_Bukhara;Bukhara;;;;;;;;;;;;;x
region_Tajikistan_Dushanbe;Dushanbe;;;;;;;;;;;;;x
region_Russia_Dikson;Dikson;;;;;;;;;;;;;x
region_Russia_Dudinka;Dudinka;;;;;;;;;;;;;x
region_Tajikistan_Gorno-Badakhshan;Gorno-Badakhshan;;;;;;;;;;;;;x
region_Russia_Khatangsky_Taymyr;Khatangsky Taymyr;;;;;;;;;;;;;x
region_Russia_Ust-Yeniseysky_Taymyr;Ust-Yeniseysky Taymyr;;;;;;;;;;;;;x
region_Russia_East_Tomsk;East Tomsk;;;;;;;;;;;;;x
region_Kyrgyzstan_Central_Kyrgyzstan;Central Kyrgyzstan;;;;;;;;;;;;;x
region_Kyrgyzstan_Osh;Osh;;;;;;;;;;;;;x
region_Kyrgyzstan_Batken;Batken;;;;;;;;;;;;;x
region_Russia_West_Tomsk;West Tomsk;;;;;;;;;;;;;x
region_Russia_North_Tyumen;North Tyumen;;;;;;;;;;;;;x
region_Russia_South_Tyumen;South Tyumen;;;;;;;;;;;;;x
region_Russia_East_Yamal-Nenets;East Yamal-Nenets;;;;;;;;;;;;;x
region_Russia_South_Yamal-Nenets;South Yamal-Nenets;;;;;;;;;;;;;x
region_Russia_West_Yamal-Nenets;West Yamal-Nenets;;;;;;;;;;;;;x
region_Russia_Aga_Buryat;Aga Buryat;;;;;;;;;;;;;x
region_Russia_Amur;Amur;;;;;;;;;;;;;x
region_Russia_Evenk;Evenk;;;;;;;;;;;;;x
region_Russia_Gorno-Altay;Gorno-Altay;;;;;;;;;;;;;x
region_Russia_Kamchatka;Kamchatka;;;;;;;;;;;;;x
region_Russia_Kemerovo;Kemerovo;;;;;;;;;;;;;x
region_Russia_Khabarovsk;Khabarovsk;;;;;;;;;;;;;x
region_Russia_Khakass;Khakass;;;;;;;;;;;;;x
region_Russia_Kurgan;Kurgan;;;;;;;;;;;;;x
region_Russia_Nenets;Nenets;;;;;;;;;;;;;x
region_Russia_Omsk;Omsk;;;;;;;;;;;;;x
region_Russia_Primorye;Primor'ye;;;;;;;;;;;;;x
region_Russia_Sakhalin;Sakhalin;;;;;;;;;;;;;x
region_Russia_Tuva;Tuva;;;;;;;;;;;;;x
region_Russia_Ust-Orda_Buryat;Ust-Orda Buryat;;;;;;;;;;;;;x
region_Russia_Yevrey;Yevrey;;;;;;;;;;;;;x
region_Portugal_Alentejo;Alentejo;;;;;;;;;;;;;x
region_Portugal_Beira;Beira;;;;;;;;;;;;;x
region_Portugal_Azores;Azores;;;;;;;;;;;;;x
region_Portugal_Madeira;Madeira;;;;;;;;;;;;;x
region_Cyprus_Cyprus;Cyprus;;;;;;;;;;;;;x
region_Spain_Canary_Islands;Canary Islands;;;;;;;;;;;;;x
region_Spain_Valencia;Valencia;;;;;;;;;;;;;x
region_Spain_Andalucia;Andalucia;;;;;;;;;;;;;x
region_Spain_Estremadura;Estremadura;;;;;;;;;;;;;x
region_Spain_La_Mancha;La Mancha;;;;;;;;;;;;;x
region_Spain_Castile-Leon;Castile-Leon;;;;;;;;;;;;;x
region_Spain_Asturias;Asturias;;;;;;;;;;;;;x
region_Spain_Galicia;Galicia;;;;;;;;;;;;;x
region_Spain_Aragon;Aragon;;;;;;;;;;;;;x
region_Spain_Cataluna;Cataluña;;;;;;;;;;;;;x
region_France_Lorraine;Lorraine;;;;;;;;;;;;;x
region_France_Alsace;Alsace;;;;;;;;;;;;;x
region_France_Provence;Provence;;;;;;;;;;;;;x
region_France_Corsica;Corsica;;;;;;;;;;;;;x
region_France_Centre;Centre;;;;;;;;;;;;;x
region_France_Languedoc;Languedoc;;;;;;;;;;;;;x
region_France_Pyrenees;Pyrenees;;;;;;;;;;;;;x
region_France_Aquitaine;Aquitaine;;;;;;;;;;;;;x
region_France_Normandy;Normandy;;;;;;;;;;;;;x
region_France_Britanny;Bretagne;;;;;;;;;;;;;x
region_France_Picardy;Picardy;;;;;;;;;;;;;x
region_France_Champagne;Champagne;;;;;;;;;;;;;x
region_France_Bourgogne;Bourgogne;;;;;;;;;;;;;x
region_France_Loire;Pays-de-la-Loire;;;;;;;;;;;;;x
region_France_Poitou;Poitou;;;;;;;;;;;;;x
region_France_Auvergne;Auvergne;;;;;;;;;;;;;x
region_France_Rhone;Rhone;;;;;;;;;;;;;x
region_Switzerland_Switzerland;Switzerland;;;;;;;;;;;;;x
region_Italy_Sicily;Sicily;;;;;;;;;;;;;x
region_Italy_Napoli;Napoli;;;;;;;;;;;;;x
region_Italy_Lazio;Lazio;;;;;;;;;;;;;x
region_Italy_Abruzzo;Abruzzo;;;;;;;;;;;;;x
region_Italy_Tuscany;Tuscany;;;;;;;;;;;;;x
region_Italy_Lombardy;Lombardy;;;;;;;;;;;;;x
region_Italy_Veneto;Veneto;;;;;;;;;;;;;x
region_Malta_Malta;Malta;;;;;;;;;;;;;x
region_Greece_Attica;Attica;;;;;;;;;;;;;x
region_Greece_Macedonia;Macedonia;;;;;;;;;;;;;x
region_Greece_Aegean_Islands;Aegean Islands;;;;;;;;;;;;;x
region_Austria_East_Austria;East Austria;;;;;;;;;;;;;x
region_Austria_West_Austria;West Austria;;;;;;;;;;;;;x
region_Luxembourg_Luxembourg;Luxembourg;;;;;;;;;;;;;x
region_Netherlands_Northern_Netherlands;Northern Netherlands;;;;;;;;;;;;;x
region_Netherlands_Southern_Netherlands;Southern Netherlands;;;;;;;;;;;;;x
region_Belgium_Flanders;Flanders;;;;;;;;;;;;;x
region_Belgium_Wallonia;Wallonia;;;;;;;;;;;;;x
region_West_Germany_Bavaria;Bavaria;;;;;;;;;;;;;x
region_West_Germany_Baden-Wurttemberg;Baden-Wurttemberg;;;;;;;;;;;;;x
region_West_Germany_Rheinland-Hesse;Rheinland-Hesse;;;;;;;;;;;;;x
region_West_Germany_Westfalen;Westfalen;;;;;;;;;;;;;x
region_West_Germany_Lower_Saxony;Lower Saxony;;;;;;;;;;;;;x
region_West_Germany_Slesvig;Slesvig;;;;;;;;;;;;;x
region_Ireland_West_Ireland;West Ireland;;;;;;;;;;;;;x
region_Ireland_East_Ireland;East Ireland;;;;;;;;;;;;;x
region_Denmark_Denmark;Denmark;;;;;;;;;;;;;x
region_Norway_Nordland;Nordland;;;;;;;;;;;;;x
region_Norway_Austlandet;Austlandet;;;;;;;;;;;;;x
region_Norway_Osloregionen;Osloregionen;;;;;;;;;;;;;x
region_Norway_Vestlandet;Vestlandet;;;;;;;;;;;;;x
region_Norway_JanMayen;Jan Mayen Island;;;;;;;;;;;;;x
region_Iceland_Iceland;Iceland;;;;;;;;;;;;;x
region_Sweden_Norra_Norrland;Norra Norrland;;;;;;;;;;;;;x
region_Sweden_Mellannorrland;Mellannorrland;;;;;;;;;;;;;x
region_Sweden_Mälardalen;Mälardalen;;;;;;;;;;;;;x
region_Sweden_Västra_Götaland;Västra Götaland;;;;;;;;;;;;;x
region_Sweden_Östergötland;Östergötland;;;;;;;;;;;;;x
region_Sweden_Gotland;Gotland;;;;;;;;;;;;;x
region_Sweden_Skane;Skåne;;;;;;;;;;;;;x
region_Sweden_Västra_Svealand;Västra Svealand;;;;;;;;;;;;;x
region_Sweden_Dalarna-Gävleborg;Dalarna-Gävleborg;;;;;;;;;;;;;x
region_Finland_Southern_Finland;Southern Finland;;;;;;;;;;;;;x
region_Finland_Western_Finland;Western Finland;;;;;;;;;;;;;x
region_Finland_Eastern_Finland;Eastern Finland;;;;;;;;;;;;;x
region_Finland_Oulu;Oulu;;;;;;;;;;;;;x
region_Finland_Lapland;Lapland;;;;;;;;;;;;;x
region_Finland_Aland;Aland;;;;;;;;;;;;;x
region_Yugoslavia_Slovenia;Slovenia;;;;;;;;;;;;;x
region_Yugoslavia_Croatia;Croatia;;;;;;;;;;;;;x
region_Yugoslavia_Macedonia;Macedonia;;;;;;;;;;;;;x
region_Yugoslavia_Montenegro;Montenegro;;;;;;;;;;;;;x
region_Yugoslavia_Bosnia_&_Hercegovina;Bosnia & Hercegovina;;;;;;;;;;;;;x
region_Yugoslavia_Serbia;Serbia;;;;;;;;;;;;;x
region_Yugoslavia_Kosovo;Kosovo;;;;;;;;;;;;;x
region_Bulgaria_Rumelia;Rumelia;;;;;;;;;;;;;x
region_Bulgaria_East_Bulgaria;East Bulgaria;;;;;;;;;;;;;x
region_Bulgaria_Northwest_Bulgaria;Northwest Bulgaria;;;;;;;;;;;;;x
region_Albania_Albania;Albania;;;;;;;;;;;;;x
region_Romania_Wallachia;Wallachia;;;;;;;;;;;;;x
region_Romania_Oltenia;Oltenia;;;;;;;;;;;;;x
region_Romania_Dobrudja;Dobrudja;;;;;;;;;;;;;x
region_Romania_Transylvania;Transylvania;;;;;;;;;;;;;x
region_Romania_Inner_Moldavia;Inner Moldavia;;;;;;;;;;;;;x
region_Czechoslovakia_Slovakia;Slovakia;;;;;;;;;;;;;x
region_Czechoslovakia_Moravia;Moravia;;;;;;;;;;;;;x
region_Czechoslovakia_Bohemia;Bohemia;;;;;;;;;;;;;x
region_Hungary_Transdanubia;Transdanubia;;;;;;;;;;;;;x
region_Hungary_East_Hungary;East Hungary;;;;;;;;;;;;;x
region_Poland_Silesia;Silesia;;;;;;;;;;;;;x
region_Poland_Pomorskie;Pomorskie;;;;;;;;;;;;;x
region_Poland_Galicija;Galicija;;;;;;;;;;;;;x
region_Poland_Wielkopolska;Wielkopolska;;;;;;;;;;;;;x
region_Poland_Malopolska;Malopolska;;;;;;;;;;;;;x
region_Poland_Mazovia;Mazovia;;;;;;;;;;;;;x
region_East_Germany_Brandenburg;Brandenburg;;;;;;;;;;;;;x
region_East_Germany_Saxony;Saxony;;;;;;;;;;;;;x
region_East_Germany_Thuringia;Thuringia;;;;;;;;;;;;;x
region_East_Germany_Berlin;Berlin;;;;;;;;;;;;;x
region_East_Germany_Mecklenburg;Mecklenburg-Vorpommern;;;;;;;;;;;;;x
region_UK_Northern_Ireland;Northern Ireland;;;;;;;;;;;;;x
region_UK_Wales;Wales;;;;;;;;;;;;;x
region_UK_Lothian;Lothian;;;;;;;;;;;;;x
region_UK_Highlands;Highlands;;;;;;;;;;;;;x
region_UK_North_England;North England;;;;;;;;;;;;;x
region_UK_Midlands;Midlands;;;;;;;;;;;;;x
region_UK_South_England;South England;;;;;;;;;;;;;x
region_UK_Gibraltar;Gibraltar;;;;;;;;;;;;;x
region_Hong_Kong_Hong_Kong;Hong Kong;;;;;;;;;;;;;x
region_Mongolia_Arhangay;Arhangay;;;;;;;;;;;;;x
region_Mongolia_Bayanhongor;Bayanhongor;;;;;;;;;;;;;x
region_Mongolia_Bayan-Ölgiy;Bayan-Ölgiy;;;;;;;;;;;;;x
region_Mongolia_Dornod;Dornod;;;;;;;;;;;;;x
region_Mongolia_Dornogovi;Dornogovi;;;;;;;;;;;;;x
region_Mongolia_Dzavhan;Dzavhan;;;;;;;;;;;;;x
region_Mongolia_Govi-Altay;Govi-Altay;;;;;;;;;;;;;x
region_Mongolia_Hentiy;Hentiy;;;;;;;;;;;;;x
region_Mongolia_Hovd;Hovd;;;;;;;;;;;;;x
region_Mongolia_Hövsgöl;Hövsgöl;;;;;;;;;;;;;x
region_Mongolia_Ömnögovi;Ömnögovi;;;;;;;;;;;;;x
region_Mongolia_Övörhangay;Övörhangay;;;;;;;;;;;;;x
region_Mongolia_Sühbaatar;Sühbaatar;;;;;;;;;;;;;x
region_Mongolia_Uvs;Uvs;;;;;;;;;;;;;x
region_Mongolia_Bulgan;Bulgan;;;;;;;;;;;;;x
region_Mongolia_Selenge;Selenge;;;;;;;;;;;;;x
region_Mongolia_Dundgovi;Dundgovi;;;;;;;;;;;;;x
region_Mongolia_Töv;Töv;;;;;;;;;;;;;x
region_North_Korea_Pyeongyang;Pyeongyang;;;;;;;;;;;;;x
region_North_Korea_Rason;Rason;;;;;;;;;;;;;x
region_North_Korea_Western_Border_Zone;Western Border Zone;;;;;;;;;;;;;x
region_Taiwan_Taiwan;Taiwan;;;;;;;;;;;;;x
region_Philippines_Luzon;Luzon;;;;;;;;;;;;;x
region_Philippines_Visayas;Visayas;;;;;;;;;;;;;x
region_Philippines_Mindanao;Mindanao;;;;;;;;;;;;;x
region_Vietnam_Thay_Nguyen;Thay Nguyen;;;;;;;;;;;;;x
region_Vietnam_Hanoi;Hanoi;;;;;;;;;;;;;x
region_Vietnam_Nam_Trung_Bo;Nam Trung Bo;;;;;;;;;;;;;x
region_Vietnam_Sai_Gon;Sai Gon;;;;;;;;;;;;;x
region_Vietnam_Mekong_Delta;Mekong Delta;;;;;;;;;;;;;x
region_Japan_Hokkaido;Hokkaido;;;;;;;;;;;;;x
region_Japan_Tohoku;Tohoku;;;;;;;;;;;;;x
region_Japan_Kanto;Kanto;;;;;;;;;;;;;x
region_Japan_Chubu;Chubu;;;;;;;;;;;;;x
region_Japan_Kansai;Kansai;;;;;;;;;;;;;x
region_Japan_Chugoku;Chugoku;;;;;;;;;;;;;x
region_Japan_Shikoku;Shikoku;;;;;;;;;;;;;x
#region_Japan_Kyushu;Kyushu;;;;;;;;;;;;;x
region_Japan_Okinawa;Okinawa;;;;;;;;;;;;;x
region_Japan_Ogasawara_Gunt;Ogasawara Gunt;;;;;;;;;;;;;x
region_Japan_Iwo;Iwo;;;;;;;;;;;;;x
region_Bangladesh_Dhaka;Dhaka;;;;;;;;;;;;;x
region_Bangladesh_Barisal;Barisal;;;;;;;;;;;;;x
region_Bangladesh_Chittagong;Chittagong;;;;;;;;;;;;;x
region_Bangladesh_Rajshahi;Rajshahi;;;;;;;;;;;;;x
region_Thailand_East_Thailand;East Thailand;;;;;;;;;;;;;x
region_Thailand_North-East_Thailand;North-East Thailand;;;;;;;;;;;;;x
region_Thailand_South_Thailand;South Thailand;;;;;;;;;;;;;x
region_Thailand_West_Thailand;West Thailand;;;;;;;;;;;;;x
region_Thailand_Central_Thailand;Central Thailand;;;;;;;;;;;;;x
region_Thailand_North_Thailand;North Thailand;;;;;;;;;;;;;x
region_Pakistan_Makran;Makran;;;;;;;;;;;;;x
region_Pakistan_Northern_Areas;Northern Areas;;;;;;;;;;;;;x
region_Pakistan_Azad_Kashmir;Azad Kashmir;;;;;;;;;;;;;x
region_Pakistan_Kharan;Kharan;;;;;;;;;;;;;x
region_Pakistan_Chitral;Chitral;;;;;;;;;;;;;x
region_Pakistan_Dir;Dir;;;;;;;;;;;;;x
region_Pakistan_Khairpur;Khairpur;;;;;;;;;;;;;x
region_Pakistan_Lasbela;Lasbela;;;;;;;;;;;;;x
region_Pakistan_Kalat;Kalat;;;;;;;;;;;;;x
region_Pakistan_Quetta;Quetta;;;;;;;;;;;;;x
region_Pakistan_Baluchistan;Baluchistan;;;;;;;;;;;;;x
region_Pakistan_Bahawalpur;Bahawalpur;;;;;;;;;;;;;x
region_Pakistan_Gilgit;Gilgit;;;;;;;;;;;;;x
region_Pakistan_NWFP;N.W.F.P.;;;;;;;;;;;;;x
region_Pakistan_Sind;Sind;;;;;;;;;;;;;x
region_Pakistan_West_Punjab;West Punjab;;;;;;;;;;;;;x
region_Pakistan_FATA;F.A.T.A.;;;;;;;;;;;;;x
region_Afghanistan_Western_Afghanistan;Western Afghanistan;;;;;;;;;;;;;x
region_Afghanistan_Eastern_Afghanistan;Eastern Afghanistan;;;;;;;;;;;;;x
region_Afghanistan_Southern_Afghanistan;Southern Afghanistan;;;;;;;;;;;;;x
region_Afghanistan_Central_Afghanistan;Central Afghanistan;;;;;;;;;;;;;x
region_Afghanistan_Northern_Afghanistan;Northern Afghanistan;;;;;;;;;;;;;x
region_Afghanistan_Badakhshan;Badakhshan;;;;;;;;;;;;;x
region_Sri_Lanka_Sri_Lanka;Sri Lanka;;;;;;;;;;;;;x
region_Sri_Lanka_Tamileelam;Tamileelam;;;;;;;;;;;;;x
region_Burma_Ayeyarwady;Ayeyarwady;;;;;;;;;;;;;x
region_Burma_Bago;Bago;;;;;;;;;;;;;x
region_Burma_Chin;Chin;;;;;;;;;;;;;x
region_Burma_Kachin;Kachin;;;;;;;;;;;;;x
region_Burma_Kayah;Kayah;;;;;;;;;;;;;x
region_Burma_Kayin;Kayin;;;;;;;;;;;;;x
region_Burma_Magway;Magway;;;;;;;;;;;;;x
region_Burma_Mandalay;Mandalay;;;;;;;;;;;;;x
region_Burma_Mon;Mon;;;;;;;;;;;;;x
region_Burma_Rakhine;Rakhine;;;;;;;;;;;;;x
region_Burma_Sagaing;Sagaing;;;;;;;;;;;;;x
region_Burma_Shan;Shan;;;;;;;;;;;;;x
region_Burma_Tanintharyi;Tanintharyi;;;;;;;;;;;;;x
region_Burma_Yangon;Yangon;;;;;;;;;;;;;x
region_Bhutan_Bhutan;Bhutan;;;;;;;;;;;;;x
region_Iran_Bushehr;Bushehr;;;;;;;;;;;;;x
region_Iran_Chahar_Mahall_and_Bakhtiari;Chahar Mahall and Bakhtiari;;;;;;;;;;;;;x
region_Iran_East_Azarbaijan;East Azarbaijan;;;;;;;;;;;;;x
region_Iran_Esfahan;Esfahan;;;;;;;;;;;;;x
region_Iran_Fars;Fars;;;;;;;;;;;;;x
region_Iran_Gilan;Gilan;;;;;;;;;;;;;x
region_Iran_Golestan;Golestan;;;;;;;;;;;;;x
region_Iran_Hamadan;Hamadan;;;;;;;;;;;;;x
region_Iran_Hormozgan;Hormozgan;;;;;;;;;;;;;x
region_Iran_Irani_Kurdistan;Irani Kurdistan;;;;;;;;;;;;;x
region_Iran_Kerman;Kerman;;;;;;;;;;;;;x
region_Iran_Khuzestan;Khuzestan;;;;;;;;;;;;;x
region_Iran_Kohgiluyeh_and_Buyer_Ahmad;Kohgiluyeh and Buyer Ahmad;;;;;;;;;;;;;x
region_Iran_Lorestan;Lorestan;;;;;;;;;;;;;x
region_Iran_Mazandaran;Mazandaran;;;;;;;;;;;;;x
region_Iran_North_Khorasan;North Khorasan;;;;;;;;;;;;;x
region_Iran_Razavi_Khorasan;Razavi Khorasan;;;;;;;;;;;;;x
region_Iran_Semnan;Semnan;;;;;;;;;;;;;x
region_Iran_Sistan_and_Baluchestan;Sistan and Baluchestan;;;;;;;;;;;;;x
region_Iran_South_Khorasan;South Khorasan;;;;;;;;;;;;;x
region_Iran_Tehran;Tehran;;;;;;;;;;;;;x
region_Iran_West_Azarbaijan;West Azarbaijan;;;;;;;;;;;;;x
region_Iran_Yazd;Yazd;;;;;;;;;;;;;x
region_Iran_Zanjan;Zanjan;;;;;;;;;;;;;x
region_Manchukuo_Hulunbuir;Hulunbuir;;;;;;;;;;;;;x
region_Manchukuo_Tongliao;Tongliao;;;;;;;;;;;;;x
region_Manchukuo_Xingan;Xing'an;;;;;;;;;;;;;x
region_Manchukuo_Daxinganling;Daxing'anling;;;;;;;;;;;;;x
region_Manchukuo_Harbin;Harbin;;;;;;;;;;;;;x
region_Manchukuo_Heihe;Heihe;;;;;;;;;;;;;x
region_Manchukuo_Mudanjiang;Mudanjiang;;;;;;;;;;;;;x
region_Manchukuo_East_Jilin;East Jilin;;;;;;;;;;;;;x
region_Manchukuo_North_Liaoning;North Liaoning;;;;;;;;;;;;;x
region_Manchukuo_South_Liaoning;South Liaoning;;;;;;;;;;;;;x
region_Manchukuo_South_Jilin;South Jilin;;;;;;;;;;;;;x
region_Manchukuo_North_Jilin;North Jilin;;;;;;;;;;;;;x
region_Manchukuo_Daqing;Daqing;;;;;;;;;;;;;x
region_Manchukuo_North-East_Heilongjiang;North-East Heilongjiang;;;;;;;;;;;;;x
region_Manchukuo_North_Heilongjiang;North Heilongjiang;;;;;;;;;;;;;x
region_Manchukuo_East_Heilongjiang;East Heilongjiang;;;;;;;;;;;;;x
region_Tibet_Lhasa;Lhasa;;;;;;;;;;;;;x
region_Tibet_Nagchu;Nagchu;;;;;;;;;;;;;x
region_Tibet_Ngari;Ngari;;;;;;;;;;;;;x
region_Tibet_Shigatse;Shigatse;;;;;;;;;;;;;x
region_Tibet_South_Tibet;South Tibet;;;;;;;;;;;;;x
region_Cambodia_South_Cambodia;South Cambodia;;;;;;;;;;;;;x
region_Cambodia_East_Cambodia;East Cambodia;;;;;;;;;;;;;x
region_Cambodia_West_Cambodia;West Cambodia;;;;;;;;;;;;;x
region_China_Central_Nei_Mongol;Central Nei Mongol;;;;;;;;;;;;;x
region_China_Chongqing;Chongqing;;;;;;;;;;;;;x
region_China_North_Anhui;North Anhui;;;;;;;;;;;;;x
region_China_South_Anhui;South Anhui;;;;;;;;;;;;;x
region_China_Beijing;Beijing;;;;;;;;;;;;;x
region_China_Coastal_Fujian;Coastal Fujian;;;;;;;;;;;;;x
region_China_Inner_Fujian;Inner Fujian;;;;;;;;;;;;;x
region_China_West_Guangdong;West Guangdong;;;;;;;;;;;;;x
region_China_East_Guangdong;East Guangdong;;;;;;;;;;;;;x
region_China_East_Guangxi;East Guangxi;;;;;;;;;;;;;x
region_China_West_Guangxi;West Guangxi;;;;;;;;;;;;;x
region_China_Guizhou;Guizhou;;;;;;;;;;;;;x
region_China_North_Hunan;North Hunan;;;;;;;;;;;;;x
region_China_South_Hunan;South Hunan;;;;;;;;;;;;;x
region_China_Hainan;Hainan;;;;;;;;;;;;;x
region_China_South_Hebei;South Hebei;;;;;;;;;;;;;x
region_China_East_Hebei;East Hebei;;;;;;;;;;;;;x
region_China_South_Henan;South Henan;;;;;;;;;;;;;x
region_China_North_Henan;North Henan;;;;;;;;;;;;;x
region_China_West_Hubei;West Hubei;;;;;;;;;;;;;x
region_China_East_Hubei;East Hubei;;;;;;;;;;;;;x
region_China_North_Jiangsu;North Jiangsu;;;;;;;;;;;;;x
region_China_South_Jiangsu;South Jiangsu;;;;;;;;;;;;;x
region_China_North_Jiangxi;North Jiangxi;;;;;;;;;;;;;x
region_China_South_Jiangxi;South Jiangxi;;;;;;;;;;;;;x
region_China_Paracel_Islands;Paracel Islands;;;;;;;;;;;;;x
region_China_North_Shaanxi;North Shaanxi;;;;;;;;;;;;;x
region_China_South_Shaanxi;South Shaanxi;;;;;;;;;;;;;x
region_China_Inner_Shandong;Inner Shandong;;;;;;;;;;;;;x
region_China_Coastal_Shandong;Coastal Shandong;;;;;;;;;;;;;x
region_China_Shanghai;Shanghai;;;;;;;;;;;;;x
region_China_North_Shanxi;North Shanxi;;;;;;;;;;;;;x
region_China_South_Shanxi;South Shanxi;;;;;;;;;;;;;x
region_China_Garze_Tibetan;Garze Tibetan;;;;;;;;;;;;;x
region_China_East_Sichuan;East Sichuan;;;;;;;;;;;;;x
region_China_South_Sichuan;South Sichuan;;;;;;;;;;;;;x
region_China_Tianjin;Tianjin;;;;;;;;;;;;;x
region_China_North_Yunnan;North Yunnan;;;;;;;;;;;;;x
region_China_South_Yunnan;South Yunnan;;;;;;;;;;;;;x
region_China_East_Yunnan;East Yunnan;;;;;;;;;;;;;x
region_China_Zhejiang;Zhejiang;;;;;;;;;;;;;x
region_China_West_Nei_Mongol;West Nei Mongol;;;;;;;;;;;;;x
region_China_East_Nei_Mongol;East Nei Mongol;;;;;;;;;;;;;x
region_China_East_Turkestan;East Turkestan;;;;;;;;;;;;;x
region_China_West_Xinjiang;West Xinjiang;;;;;;;;;;;;;x
region_China_East_Xinjiang;East Xinjiang;;;;;;;;;;;;;x
region_Xibei_San_Ma_Gyêgu_Qinghai;Gyêgu Qinghai;;;;;;;;;;;;;x
region_Xibei_San_Ma_Northern_Gansu;Northern Gansu;;;;;;;;;;;;;x
region_Xibei_San_Ma_South_Gansu;South Gansu;;;;;;;;;;;;;x
region_Xibei_San_Ma_Ningxia_Hui;Ningxia Hui;;;;;;;;;;;;;x
region_Xibei_San_Ma_Qinghai;Qinghai;;;;;;;;;;;;;x
region_India_West_Uttar_Pradesh;West Uttar Pradesh;;;;;;;;;;;;;x
region_India_West_Madhya_Pradesh;West Madhya Pradesh;;;;;;;;;;;;;x
region_India_West_Bengal;West Bengal;;;;;;;;;;;;;x
region_India_Uttaranchal;Uttaranchal;;;;;;;;;;;;;x
region_India_Tripura;Tripura;;;;;;;;;;;;;x
region_India_Tamil_Nadu;Tamil Nadu;;;;;;;;;;;;;x
region_India_South_Rajasthan;South Rajasthan;;;;;;;;;;;;;x
region_India_South_Karnataka;South Karnataka;;;;;;;;;;;;;x
region_India_South_Gujarat;South Gujarat;;;;;;;;;;;;;x
region_India_Sikkim;Sikkim;;;;;;;;;;;;;x
region_India_Rajasthan;Rajasthan;;;;;;;;;;;;;x
region_India_Punjab;Punjab;;;;;;;;;;;;;x
region_India_Puducherry;Puducherry;;;;;;;;;;;;;x
region_India_Orissa;Orissa;;;;;;;;;;;;;x
region_India_North_Karnataka;North Karnataka;;;;;;;;;;;;;x
region_India_North_Gujarat;North Gujarat;;;;;;;;;;;;;x
region_India_Nagaland;Nagaland;;;;;;;;;;;;;x
region_India_Mizoram;Mizoram;;;;;;;;;;;;;x
region_India_Meghalaya;Meghalaya;;;;;;;;;;;;;x
region_India_Manipur;Manipur;;;;;;;;;;;;;x
#region_India_Lakshadweep;Lakshadweep;;;;;;;;;;;;;x
region_India_Kerala;Kerala;;;;;;;;;;;;;x
region_India_Jharkhand;Jharkhand;;;;;;;;;;;;;x
region_India_Jammu_and_Kashmir;Jammu and Kashmir;;;;;;;;;;;;;x
region_India_Inner_Maharashtra;Inner Maharashtra;;;;;;;;;;;;;x
region_India_Inner_Andhra_Pradesh;Inner Andhra Pradesh;;;;;;;;;;;;;x
region_India_Himachal_Pradesh;Himachal Pradesh;;;;;;;;;;;;;x
region_India_Haryana;Haryana;;;;;;;;;;;;;x
region_India_Goa;Goa;;;;;;;;;;;;;x
region_India_East_Uttar_Pradesh;East Uttar Pradesh;;;;;;;;;;;;;x
region_India_Delhi;Delhi;;;;;;;;;;;;;x
region_India_Daman_and_Diu;Daman and Diu;;;;;;;;;;;;;x
region_India_Dadra_and_Nagar_Haveli;Dadra and Nagar Haveli;;;;;;;;;;;;;x
region_India_Coastal_Maharashtra;Coastal Maharashtra;;;;;;;;;;;;;x
region_India_Coastal_Andhra_Pradesh;Coastal Andhra Pradesh;;;;;;;;;;;;;x
region_India_Chhattisgarh;Chhattisgarh;;;;;;;;;;;;;x
region_India_Chandigarh;Chandigarh;;;;;;;;;;;;;x
region_India_Bihar;Bihar;;;;;;;;;;;;;x
region_India_Assam;Assam;;;;;;;;;;;;;x
region_India_Arunachal_Pradesh;Arunachal Pradesh;;;;;;;;;;;;;x
region_India_Andaman_and_Nicobar;Andaman and Nicobar;;;;;;;;;;;;;x
region_India_East_Madhya_Pradesh;East Madhya Pradesh;;;;;;;;;;;;;x
region_Nepal_Madhyamanchal;Madhyamanchal;;;;;;;;;;;;;x
region_Nepal_Purwanchal;Purwanchal;;;;;;;;;;;;;x
region_Nepal_Pashchimanchal;Pashchimanchal;;;;;;;;;;;;;x
region_Nepal_Sudur_Pashchimanchal;Sudur Pashchimanchal;;;;;;;;;;;;;x
region_Laos_North_Laos;North Laos;;;;;;;;;;;;;x
region_Laos_Center_Laos;Center Laos;;;;;;;;;;;;;x
region_Laos_South_Laos;South Laos;;;;;;;;;;;;;x
region_Korea_Pyongan;Pyongan;;;;;;;;;;;;;x
region_Korea_Hwanghae;Hwanghae;;;;;;;;;;;;;x
region_Korea_Gyeonggi;Gyeonggi;;;;;;;;;;;;;x
region_Korea_Jeolla;Jeolla;;;;;;;;;;;;;x
region_Korea_Chungcheong;Chungcheong;;;;;;;;;;;;;x
region_Korea_Gangwon;Gangwon;;;;;;;;;;;;;x
region_Korea_Gyeongsang;Gyeongsang;;;;;;;;;;;;;x
region_Korea_Hamgyong;Hamgyong;;;;;;;;;;;;;x
region_UK_Maldives;Maldives;;;;;;;;;;;;;x
region_UK_British_Indian_Ocean_territory;British Indian Ocean territory;;;;;;;;;;;;;x
region_Singapore_Singapore;Singapore;;;;;;;;;;;;;x
region_Brunei_Brunei;Brunei;;;;;;;;;;;;;x
region_Malaysia_Sabah;Sabah;;;;;;;;;;;;;x
region_Malaysia_Sarawak;Sarawak;;;;;;;;;;;;;x
region_Malaysia_Johor;Johor;;;;;;;;;;;;;x
region_Malaysia_Perak;Perak;;;;;;;;;;;;;x
region_Malaysia_Pahang;Pahang;;;;;;;;;;;;;x
region_Indonesia_Lampung;Lampung;;;;;;;;;;;;;x
region_Indonesia_Jawa_Barat;Jawa Barat;;;;;;;;;;;;;x
region_Indonesia_Aceh;Aceh;;;;;;;;;;;;;x
region_Indonesia_Bengkulu;Bengkulu;;;;;;;;;;;;;x
region_Indonesia_Jambi;Jambi;;;;;;;;;;;;;x
region_Indonesia_Jawa_Tengah;Jawa Tengah;;;;;;;;;;;;;x
region_Indonesia_Jawa_Timur;Jawa Timur;;;;;;;;;;;;;x
region_Indonesia_Kalimantan_Barat;Kalimantan Barat;;;;;;;;;;;;;x
region_Indonesia_Kalimantan_Selatan;Kalimantan Selatan;;;;;;;;;;;;;x
region_Indonesia_Kalimantan_Tengah;Kalimantan Tengah;;;;;;;;;;;;;x
region_Indonesia_Kalimantan_Timur;Kalimantan Timur;;;;;;;;;;;;;x
region_Indonesia_Maluku;Maluku;;;;;;;;;;;;;x
region_Indonesia_Irian_Jaya_Barat;Irian Jaya Barat;;;;;;;;;;;;;x
region_Indonesia_Nusa_Tenggara_Timur;Nusa Tenggara Timur;;;;;;;;;;;;;x
region_Indonesia_Bali;Bali;;;;;;;;;;;;;x
region_Indonesia_Riau;Riau;;;;;;;;;;;;;x
region_Indonesia_Sulawesi_Tengah;Sulawesi Tengah;;;;;;;;;;;;;x
region_Indonesia_Sulawesi_Tenggara;Sulawesi Tenggara;;;;;;;;;;;;;x
region_Indonesia_Sulawesi_Utara;Sulawesi Utara;;;;;;;;;;;;;x
region_Indonesia_Sumatera_Barat;Sumatera Barat;;;;;;;;;;;;;x
region_Indonesia_Sumatera_Selatan;Sumatera Selatan;;;;;;;;;;;;;x
region_Indonesia_Sumatera_Utara;Sumatera Utara;;;;;;;;;;;;;x
region_Indonesia_Sulawesi_Selatan;Sulawesi Selatan;;;;;;;;;;;;;x
region_East_Timor_Ambeno;Ambeno;;;;;;;;;;;;;x
region_East_Timor_East_Timor;East Timor;;;;;;;;;;;;;x
region_New_Zealand_North_Island;North Island;;;;;;;;;;;;;x
region_New_Zealand_South_Island;South Island;;;;;;;;;;;;;x
region_New_Zealand_Samoa;Samoa;;;;;;;;;;;;;x
region_Australia_Tasmania;Tasmania;;;;;;;;;;;;;x
region_Australia_South_Australia_Outback;South Australia Outback;;;;;;;;;;;;;x
region_Australia_Adelaide;Adelaide;;;;;;;;;;;;;x
region_Australia_Wodonga;Wodonga;;;;;;;;;;;;;x
region_Australia_Wollongong;Wollongong;;;;;;;;;;;;;x
region_Australia_Sydney;Sydney;;;;;;;;;;;;;x
region_Australia_Newcastle;Newcastle;;;;;;;;;;;;;x
region_Australia_Canberra;Canberra;;;;;;;;;;;;;x
region_Australia_Kalgoorlie;Kalgoorlie;;;;;;;;;;;;;x
region_Australia_Port_Hedland;Port Hedland;;;;;;;;;;;;;x
region_Australia_Perth;Perth;;;;;;;;;;;;;x
region_Australia_Geraldton;Geraldton;;;;;;;;;;;;;x
region_Australia_Kimberley;Kimberley;;;;;;;;;;;;;x
region_Australia_South_West_Queensland;South West Queensland;;;;;;;;;;;;;x
region_Australia_Central_West_Queensland;Central West Queensland;;;;;;;;;;;;;x
region_Australia_Townsville;Townsville;;;;;;;;;;;;;x
region_Australia_North_West_Queensland;North West Queensland;;;;;;;;;;;;;x
region_Australia_Fitzroy;Fitzroy;;;;;;;;;;;;;x
region_Australia_Far_North_Queensland;Far North Queensland;;;;;;;;;;;;;x
region_Australia_Tweed;Tweed;;;;;;;;;;;;;x
region_Australia_Brisbane;Brisbane;;;;;;;;;;;;;x
region_Australia_Melbourne;Melbourne;;;;;;;;;;;;;x
region_Australia_Ballarat;Ballarat;;;;;;;;;;;;;x
region_Australia_Geelong;Geelong;;;;;;;;;;;;;x
region_Australia_Northern_Tablelands;Northern Tablelands;;;;;;;;;;;;;x
region_Australia_South_Tablelands;South Tablelands;;;;;;;;;;;;;x
region_Australia_Alice_Springs;Alice Springs;;;;;;;;;;;;;x
region_Australia_Katherine;Katherine;;;;;;;;;;;;;x
region_Australia_Darwin;Darwin;;;;;;;;;;;;;x
region_Australia_Goldfields-Esperance;Goldfields-Esperance;;;;;;;;;;;;;x
region_Australia_Pilbara;Pilbara;;;;;;;;;;;;;x
region_Australia_Christmas_islands;Christmas islands;;;;;;;;;;;;;x
region_Australia_Norfolk_island;Norfolk island;;;;;;;;;;;;;x
region_Australia_Keeling_Island;Keeling Island;;;;;;;;;;;;;x
region_Papua_New_Guinea_Papua_New_Guinean_Islands;Papua New Guinean Islands;;;;;;;;;;;;;x
region_Papua_New_Guinea_Momase;Momase;;;;;;;;;;;;;x
region_Papua_New_Guinea_Papua_New_Guinean_Highlands;Papua New Guinean Highlands;;;;;;;;;;;;;x
region_Papua_New_Guinea_Papua;Papua;;;;;;;;;;;;;x
region_France_New_Caledonia;New Caledonia;;;;;;;;;;;;;x
region_Vanuatu;Vanuatu;;;;;;;;;;;;;x
region_UK_Solomon_islands;Solomon islands;;;;;;;;;;;;;x
region_UK_Fiji;Fiji;;;;;;;;;;;;;x
region_UK_Tuvalu;Tuvalu;;;;;;;;;;;;;x
region_USA_Guam;Guam;;;;;;;;;;;;;x
region_USA_Northern_Marina_Islands;Northern Marina Islands;;;;;;;;;;;;;x
region_USA_Micronesia;Micronesia;;;;;;;;;;;;;x
region_USA_Marshall_Islands;Marshall Islands;;;;;;;;;;;;;x
region_USA_Wake_island;Wake island;;;;;;;;;;;;;x
region_USA_Midway;Midway;;;;;;;;;;;;;x
region_USA_American_Samoa;American Samoa;;;;;;;;;;;;;x
region_Nauru_Nauru;Nauru;;;;;;;;;;;;;x
region_Tonga_Tonga;Tonga;;;;;;;;;;;;;x
region_France_Wallis_and_Futuna;Wallis and Futuna;;;;;;;;;;;;;x
region_New_Zealand_Niue;Niue;;;;;;;;;;;;;x
region_New_Zealand_Cook_Islands;Cook Islands;;;;;;;;;;;;;x
region_UK_Kiribati;Kiribati;;;;;;;;;;;;;x
region_USA_Minor_Outlying_islands;Minor Outlying islands;;;;;;;;;;;;;x
region_France_French_Polynesia;French Polynesia;;;;;;;;;;;;;x
region_UK_Pitcairn_Islands;Pitcairn Islands;;;;;;;;;;;;;x
region_Venezuela_Amazonas;Amazonas;;;;;;;;;;;;;x
region_Venezuela_Bolivar;Bolívar;;;;;;;;;;;;;x
region_Venezuela_Monagas;Monagas;;;;;;;;;;;;;x
region_Venezuela_Guarico;Guárico;;;;;;;;;;;;;x
region_Venezuela_Miranda;Miranda;;;;;;;;;;;;;x
region_Venezuela_Apure;Apure;;;;;;;;;;;;;x
region_Venezuela_Zulia;Zulia;;;;;;;;;;;;;x
region_Venezuela_Portuguesa;Portuguesa;;;;;;;;;;;;;x
region_Venezuela_Falcon;Falcón;;;;;;;;;;;;;x
region_Guyana_West_Guyana;West Guyana;;;;;;;;;;;;;x
region_Guyana_East_Guyana;East Guyana;;;;;;;;;;;;;x
region_Suriname_Suriname_Coast;Suriname Coast;;;;;;;;;;;;;x
region_Suriname_Suriname_Jungle;Suriname Jungle;;;;;;;;;;;;;x
region_Colombia_Amazonas;Amazonas;;;;;;;;;;;;;x
region_Colombia_Meta;Meta;;;;;;;;;;;;;x
region_Colombia_Vichada;Vichada;;;;;;;;;;;;;x
region_Colombia_Narino;Nariño;;;;;;;;;;;;;x
region_Colombia_Cauca;Cauca;;;;;;;;;;;;;x
region_Colombia_Tolima;Tolima;;;;;;;;;;;;;x
region_Colombia_Arauca;Arauca;;;;;;;;;;;;;x
region_Colombia_Boyaca;Boyacá;;;;;;;;;;;;;x
region_Colombia_Santander;Santander;;;;;;;;;;;;;x
region_Colombia_Cesar;Cesar;;;;;;;;;;;;;x
region_Colombia_Bolivar;Bolívar;;;;;;;;;;;;;x
region_Colombia_Antioquia;Antioquia;;;;;;;;;;;;;x
region_Colombia_Choco;Chocó;;;;;;;;;;;;;x
region_Peru_Piura;Piura;;;;;;;;;;;;;x
region_Peru_Cajamarca;Cajamarca;;;;;;;;;;;;;x
region_Peru_San_Martin;San Martín;;;;;;;;;;;;;x
region_Peru_Loreto;Loreto;;;;;;;;;;;;;x
region_Peru_Ucayali;Ucayali;;;;;;;;;;;;;x
region_Peru_Huanuco;Huánuco;;;;;;;;;;;;;x
region_Peru_Lima;Lima;;;;;;;;;;;;;x
region_Peru_Junin;Junín;;;;;;;;;;;;;x
region_Peru_Cusco;Cusco;;;;;;;;;;;;;x
region_Peru_Puno;Puno;;;;;;;;;;;;;x
region_Peru_Arequipa;Arequipa;;;;;;;;;;;;;x
region_Peru_Ayacucho;Ayacucho;;;;;;;;;;;;;x
region_Peru_Ica;Ica;;;;;;;;;;;;;x
region_Ecuador_Coastal_Ecuador;Coastal Ecuador;;;;;;;;;;;;;x
region_Ecuador_Central_Ecuador;Central Ecuador;;;;;;;;;;;;;x
region_Bolivia_Pando;Pando;;;;;;;;;;;;;x
region_Bolivia_La_Paz;La Paz;;;;;;;;;;;;;x
region_Bolivia_Oruro;Oruro;;;;;;;;;;;;;x
region_Bolivia_Potosi;Potosí;;;;;;;;;;;;;x
region_Bolivia_Tarija;Tarija;;;;;;;;;;;;;x
region_Bolivia_West_Beni;West Beni;;;;;;;;;;;;;x
region_Bolivia_East_Beni;East Beni;;;;;;;;;;;;;x
region_Bolivia_North_Gran_Chiquitania;North Gran Chiquitania;;;;;;;;;;;;;x
region_Bolivia_South_Gran_Chiquitania;South Gran Chiquitania;;;;;;;;;;;;;x
region_Bolivia_Central_Santa_Cruz;Central Santa Cruz;;;;;;;;;;;;;x
region_Bolivia_Bolivian_Cordillera;Bolivian Cordillera;;;;;;;;;;;;;x
region_Bolivia_Chuquisaca;Chuquisaca;;;;;;;;;;;;;x
region_Bolivia_Cochabamba;Cochabamba;;;;;;;;;;;;;x
region_Paraguay_Alto_Paraguay;Alto Paraguay;;;;;;;;;;;;;x
region_Paraguay_Concepcion;Concepción;;;;;;;;;;;;;x
region_Paraguay_Alto_Parana;Alto Paraná;;;;;;;;;;;;;x
region_Paraguay_Asuncion;Asunción;;;;;;;;;;;;;x
region_Uruguay_Montevideo;Montevideo;;;;;;;;;;;;;x
region_Uruguay_Maldonado;Maldonado;;;;;;;;;;;;;x
region_Chile_Tarapaca;Tarapacá;;;;;;;;;;;;;x
region_Chile_Atacama;Atacama;;;;;;;;;;;;;x
region_Chile_Santiago;Santiago;;;;;;;;;;;;;x
region_Chile_Araucania;Araucanía;;;;;;;;;;;;;x
region_Chile_Magallanes;Magallanes;;;;;;;;;;;;;x
region_Chile_Easter_Islands;Easter Islands;;;;;;;;;;;;;x
region_Argentina_Buenos_Aires;Buenos Aires;;;;;;;;;;;;;x
region_Argentina_Catamarca;Catamarca;;;;;;;;;;;;;x
region_Argentina_Chaco;Chaco;;;;;;;;;;;;;x
region_Argentina_Chubut;Chubut;;;;;;;;;;;;;x
region_Argentina_Cordoba;Córdoba;;;;;;;;;;;;;x
region_Argentina_Corrientes;Corrientes;;;;;;;;;;;;;x
region_Argentina_Entre_Rios;Entre Ríos;;;;;;;;;;;;;x
region_Argentina_Formosa;Formosa;;;;;;;;;;;;;x
region_Argentina_Jujuy;Jujuy;;;;;;;;;;;;;x
region_Argentina_La_Pampa;La Pampa;;;;;;;;;;;;;x
region_Argentina_La_Rioja;La Rioja;;;;;;;;;;;;;x
region_Argentina_Mendoza;Mendoza;;;;;;;;;;;;;x
region_Argentina_Misiones;Misiones;;;;;;;;;;;;;x
region_Argentina_Neuquen;Neuquén;;;;;;;;;;;;;x
region_Argentina_Rio_Negro;Río Negro;;;;;;;;;;;;;x
region_Argentina_Salta;Salta;;;;;;;;;;;;;x
region_Argentina_San_Juan;San Juan;;;;;;;;;;;;;x
region_Argentina_San_Luis;San Luis;;;;;;;;;;;;;x
region_Argentina_Santa_Cruz;Santa Cruz;;;;;;;;;;;;;x
region_Argentina_Santa_Fe;Santa Fe;;;;;;;;;;;;;x
region_Argentina_Santiago_del_Estero;Santiago del Estero;;;;;;;;;;;;;x
region_Argentina_Tierra_del_Fuego;Tierra del Fuego;;;;;;;;;;;;;x
region_Argentina_Tucuman;Tucumán;;;;;;;;;;;;;x
region_Brazil_Maranhao_do_Norte;Maranhao do Norte;;;;;;;;;;;;;x
region_Brazil_Maranhao_do_Sul;Maranhao do Sul;;;;;;;;;;;;;x
region_Brazil_East_Minas_Gerais;East Minas Gerais;;;;;;;;;;;;;x
region_Brazil_West_Minas_Gerais;West Minas Gerais;;;;;;;;;;;;;x
region_Brazil_Inner_Bahia;Inner Bahia;;;;;;;;;;;;;x
region_Brazil_Coastal_Bahia;Coastal Bahia;;;;;;;;;;;;;x
region_Brazil_Coastal_Sao_Paulo;Coastal Sao Paulo;;;;;;;;;;;;;x
region_Brazil_Inner_Sao_Paulo;Inner Sao Paulo;;;;;;;;;;;;;x
region_Brazil_East_Mato_Grosso;East Mato Grosso;;;;;;;;;;;;;x
region_Brazil_Mato_Grosso_do_Norte;Mato Grosso do Norte;;;;;;;;;;;;;x
region_Brazil_South_Mato_Grosso;South Mato Grosso;;;;;;;;;;;;;x
region_Brazil_Para_do_Norte;Pará do Norte;;;;;;;;;;;;;x
region_Brazil_East_Para;East Pará;;;;;;;;;;;;;x
region_Brazil_Para_do_Sul;Pará do Sul;;;;;;;;;;;;;x
region_Brazil_Amazonas_do_Norte;Amazonas do Norte;;;;;;;;;;;;;x
region_Brazil_Amazonas_do_Sul;Amazonas do Sul;;;;;;;;;;;;;x
region_Brazil_East_Brazilian_Amazonas;East Brazilian Amazonas;;;;;;;;;;;;;x
region_Brazil_Alagoas;Alagoas;;;;;;;;;;;;;x
region_Brazil_Amapa;Amapá;;;;;;;;;;;;;x
region_Brazil_Acre;Acre;;;;;;;;;;;;;x
region_Brazil_Ceara;Ceará;;;;;;;;;;;;;x
region_Brazil_Distrito_Federal;Distrito Federal;;;;;;;;;;;;;x
region_Brazil_Espirito_Santo;Espírito Santo;;;;;;;;;;;;;x
region_Brazil_Goias;Goiás;;;;;;;;;;;;;x
region_Brazil_Mato_Grosso_do_Sul;Mato Grosso do Sul;;;;;;;;;;;;;x
region_Brazil_Paraiba;Paraíba;;;;;;;;;;;;;x
region_Brazil_Parana;Paraná;;;;;;;;;;;;;x
region_Brazil_Pernambuco;Pernambuco;;;;;;;;;;;;;x
region_Brazil_Piaui;Piauí;;;;;;;;;;;;;x
region_Brazil_Rio_de_Janeiro;Rio de Janeiro;;;;;;;;;;;;;x
region_Brazil_Rio_Grande_do_Norte;Rio Grande do Norte;;;;;;;;;;;;;x
region_Brazil_Rio_Grande_do_Sul;Rio Grande do Sul;;;;;;;;;;;;;x
region_Brazil_Rondonia;Rondônia;;;;;;;;;;;;;x
region_Brazil_Roraima;Roraima;;;;;;;;;;;;;x
region_Brazil_Santa_Catarina;Santa Catarina;;;;;;;;;;;;;x
region_Brazil_Sergipe;Sergipe;;;;;;;;;;;;;x
region_Brazil_Tocantins;Tocantins;;;;;;;;;;;;;x
region_France_French_Guiana;French Guiana;;;;;;;;;;;;;x
region_USA_Rhode_islands;Rhode islands;;;;;;;;;;;;;x
region_USA_Delaware;Delaware;;;;;;;;;;;;;x
region_USA_Connecticut;Connecticut;;;;;;;;;;;;;x
region_USA_Hawaii;Hawaii;;;;;;;;;;;;;x
region_USA_New_Jersey;New Jersey;;;;;;;;;;;;;x
region_USA_Massachusetts;Massachusetts;;;;;;;;;;;;;x
region_USA_Maryland;Maryland;;;;;;;;;;;;;x
region_USA_New_Hampshire;New Hampshire;;;;;;;;;;;;;x
region_USA_Vermont;Vermont;;;;;;;;;;;;;x
region_USA_West_Virginia;West Virginia;;;;;;;;;;;;;x
region_USA_South_Carolina;South Carolina;;;;;;;;;;;;;x
region_USA_Maine;Maine;;;;;;;;;;;;;x
region_USA_Indiana;Indiana;;;;;;;;;;;;;x
region_USA_Virginia;Virginia;;;;;;;;;;;;;x
region_USA_Kentucky;Kentucky;;;;;;;;;;;;;x
region_USA_Tennessee;Tennessee;;;;;;;;;;;;;x
region_USA_Louisiana;Louisiana;;;;;;;;;;;;;x
region_USA_Mississippi;Mississippi;;;;;;;;;;;;;x
region_USA_Pennsylvania;Pennsylvania;;;;;;;;;;;;;x
region_USA_North_Carolina;North Carolina;;;;;;;;;;;;;x
region_USA_Ohio;Ohio;;;;;;;;;;;;;x
region_USA_Alabama;Alabama;;;;;;;;;;;;;x
region_USA_Arkansas;Arkansas;;;;;;;;;;;;;x
region_USA_Florida;Florida;;;;;;;;;;;;;x
region_USA_Georgia;Georgia;;;;;;;;;;;;;x
region_USA_New_York;New York;;;;;;;;;;;;;x
region_USA_Illinois;Illinois;;;;;;;;;;;;;x
region_USA_Iowa;Iowa;;;;;;;;;;;;;x
region_USA_Oklahoma;Oklahoma;;;;;;;;;;;;;x
region_USA_Missouri;Missouri;;;;;;;;;;;;;x
region_USA_Wisconsin;Wisconsin;;;;;;;;;;;;;x
region_USA_Washington;Washington;;;;;;;;;;;;;x
region_USA_Nebraska;Nebraska;;;;;;;;;;;;;x
region_USA_North_Dakota;North Dakota;;;;;;;;;;;;;x
region_USA_Kansas;Kansas;;;;;;;;;;;;;x
region_USA_South_Dakota;South Dakota;;;;;;;;;;;;;x
region_USA_Utah;Utah;;;;;;;;;;;;;x
region_USA_Idaho;Idaho;;;;;;;;;;;;;x
region_USA_Minnesota;Minnesota;;;;;;;;;;;;;x
region_USA_Wyoming;Wyoming;;;;;;;;;;;;;x
region_USA_Colorado;Colorado;;;;;;;;;;;;;x
region_USA_Oregon;Oregon;;;;;;;;;;;;;x
region_USA_Michigan;Michigan;;;;;;;;;;;;;x
region_USA_Arizona;Arizona;;;;;;;;;;;;;x
region_USA_Nevada;Nevada;;;;;;;;;;;;;x
region_USA_New_Mexico;New Mexico;;;;;;;;;;;;;x
region_USA_North_California;North California;;;;;;;;;;;;;x
region_USA_South_California;South California;;;;;;;;;;;;;x
region_USA_Montana;Montana;;;;;;;;;;;;;x
region_USA_East_Montana;East Montana;;;;;;;;;;;;;x
region_USA_South_Texas;South Texas;;;;;;;;;;;;;x
region_USA_North_Texas;North Texas;;;;;;;;;;;;;x
region_USA_West_Texas;West Texas;;;;;;;;;;;;;x
region_USA_North_Slope;North Slope;;;;;;;;;;;;;x
region_USA_Central_Alaska;Central Alaska;;;;;;;;;;;;;x
region_USA_Alaska_Panhandle;Alaska Panhandle;;;;;;;;;;;;;x
region_USA_Southwest_Alaska;Southwest Alaska;;;;;;;;;;;;;x
region_Canada_Yukon;Yukon;;;;;;;;;;;;;x
region_Canada_Northwest_Territory;Northwest Territory;;;;;;;;;;;;;x
region_Canada_Nunavut;Nunavut;;;;;;;;;;;;;x
region_Canada_Prince_Edward_Island;Prince Edward Island;;;;;;;;;;;;;x
region_Canada_Nova_Scotia;Nova Scotia;;;;;;;;;;;;;x
region_Canada_Thunder_Bay;Thunder Bay;;;;;;;;;;;;;x
region_Canada_Sudbury;Sudbury;;;;;;;;;;;;;x
region_Canada_Ottawa;Ottawa;;;;;;;;;;;;;x
region_Canada_Toronto;Toronto;;;;;;;;;;;;;x
region_Canada_Hamilton;Hamilton;;;;;;;;;;;;;x
region_Canada_London;London;;;;;;;;;;;;;x
region_Canada_Saguenay;Saguenay;;;;;;;;;;;;;x
region_Canada_Quebec;Quebec;;;;;;;;;;;;;x
region_Canada_Gatineau;Gatineau;;;;;;;;;;;;;x
region_Canada_Levis;Levis;;;;;;;;;;;;;x
region_Canada_Montreal;Montreal;;;;;;;;;;;;;x
region_Canada_North_Manitoba;North Manitoba;;;;;;;;;;;;;x
region_Canada_South_Manitoba;South Manitoba;;;;;;;;;;;;;x
region_Canada_Costal_British_Columbia;Coastal British Columbia;;;;;;;;;;;;;x
region_Canada_Inner_British_Columbia;Inner British Columbia;;;;;;;;;;;;;x
region_Canada_East_British_Columbia;East British Columbia;;;;;;;;;;;;;x
region_Canada_Greater_Vancouver;Greater Vancouver;;;;;;;;;;;;;x
region_Canada_Vancouver_Island;Vancouver Island;;;;;;;;;;;;;x
region_Canada_New_Brunswick;New Brunswick;;;;;;;;;;;;;x
region_Canada_North_Alberta;North Alberta;;;;;;;;;;;;;x
region_Canada_South_Alberta;South Alberta;;;;;;;;;;;;;x
region_Canada_Newfoundland;Newfoundland;;;;;;;;;;;;;x
region_Canada_Labrador;Labrador;;;;;;;;;;;;;x
region_Canada_North_Saskatchewan;North Saskatchewan;;;;;;;;;;;;;x
region_Canada_South_Saskatchewan;South Saskatchewan;;;;;;;;;;;;;x
region_Mexico_Puebla;Puebla;;;;;;;;;;;;;x
region_Mexico_Mexico;Mexico;;;;;;;;;;;;;x
region_Mexico_Jalisco;Jalisco;;;;;;;;;;;;;x
region_Mexico_Zacatecas;Zacatecas;;;;;;;;;;;;;x
region_Mexico_Queretao;Queretao;;;;;;;;;;;;;x
region_Mexico_Baja_California;Baja California;;;;;;;;;;;;;x
region_Mexico_Baja_California_Sur;Baja California Sur;;;;;;;;;;;;;x
region_Mexico_Campeche;Campeche;;;;;;;;;;;;;x
region_Mexico_Chiapas;Chiapas;;;;;;;;;;;;;x
region_Mexico_Chihuahua;Chihuahua;;;;;;;;;;;;;x
region_Mexico_Coahuila;Coahuila;;;;;;;;;;;;;x
region_Mexico_Durango;Durango;;;;;;;;;;;;;x
region_Mexico_Guanajuato;Guanajuato;;;;;;;;;;;;;x
region_Mexico_Guerrero;Guerrero;;;;;;;;;;;;;x
region_Mexico_Michoacan;Michoacán;;;;;;;;;;;;;x
region_Mexico_Nayarit;Nayarit;;;;;;;;;;;;;x
region_Mexico_Nuevo_Leon;Nuevo León;;;;;;;;;;;;;x
region_Mexico_Oaxaca;Oaxaca;;;;;;;;;;;;;x
region_Mexico_Quintana_Roo;Quintana Roo;;;;;;;;;;;;;x
region_Mexico_San_Luis_Potosi;San Luis Potosí;;;;;;;;;;;;;x
region_Mexico_Sinaloa;Sinaloa;;;;;;;;;;;;;x
region_Mexico_Sonora;Sonora;;;;;;;;;;;;;x
region_Mexico_Tabasco;Tabasco;;;;;;;;;;;;;x
region_Mexico_Tamaulipas;Tamaulipas;;;;;;;;;;;;;x
region_Mexico_Veracruz;Veracruz;;;;;;;;;;;;;x
region_Mexico_Yucatan;Yucatán;;;;;;;;;;;;;x
region_Bahamas_Bahamas;Bahamas;;;;;;;;;;;;;x
region_Cuba_West_Cuba;West Cuba;;;;;;;;;;;;;x
region_Cuba_East_Cuba;East Cuba;;;;;;;;;;;;;x
region_Cuba_Central_Cuba;Central Cuba;;;;;;;;;;;;;x
region_Cuba_Guantanamo;Guantánamo;;;;;;;;;;;;;x
region_Jamaica_Jamaica;Jamaica;;;;;;;;;;;;;x
region_Haiti_Haiti;Haiti;;;;;;;;;;;;;x
region_Dominican_Republic_Dominican_Republic;Dominican Republic;;;;;;;;;;;;;x
region_Puerto_Rico_Puerto_Rico;Puerto Rico;;;;;;;;;;;;;x
region_Trinidad_and_Tobago_Trinidad_and_Tobago;Trinidad and Tobago;;;;;;;;;;;;;x
region_Belize_Belize;Belize;;;;;;;;;;;;;x
region_Guatemala_Guatemala;Guatemala;;;;;;;;;;;;;x
region_Guatemala_Huehuetenanago;Huehuetenanago;;;;;;;;;;;;;x
region_El_Salvador_El_Salvador;El Salvador;;;;;;;;;;;;;x
region_Honduras_Tegucigalpa;Tegucigalpa;;;;;;;;;;;;;x
region_Honduras_San_Pedro_Sula_;San Pedro Sula ;;;;;;;;;;;;;x
region_Nicaragua_Matagalpa;Matagalpa;;;;;;;;;;;;;x
region_Nicaragua_Managua;Managua;;;;;;;;;;;;;x
region_Panama_Panama;Panama;;;;;;;;;;;;;x
region_Panama_Panama_Channel;Panama Canal;;;;;;;;;;;;;x
region_UK_Falkland_islands;Falkland islands;;;;;;;;;;;;;x
region_UK_South_Georgia_and_South_Sandwich_Islands;South Georgia and South Sandwich Islands;;;;;;;;;;;;;x
region_Costa_Rica_Costa_Rica;Costa Rica;;;;;;;;;;;;;x
region_UK_Cayman_islands;Cayman islands;;;;;;;;;;;;;x
region_UK_Bermuda;Bermuda;;;;;;;;;;;;;x
region_Netherlands_Lesser_Antilles;Lesser Antilles;;;;;;;;;;;;;x
region_Egypt_South_Sina;South Sina;;;;;;;;;;;;;x
region_Egypt_North_Sina;North Sina;;;;;;;;;;;;;x
region_Egypt_West_New_Valley;West New Valley;;;;;;;;;;;;;x
region_Egypt_East_New_Valley;East New Valley;;;;;;;;;;;;;x
region_Egypt_Bir_Tawil;Bir Tawil;;;;;;;;;;;;;x
region_Egypt_North_Red_Sea;North Red Sea;;;;;;;;;;;;;x
region_Egypt_Giza;Giza;;;;;;;;;;;;;x
region_Egypt_Nile_Delta;Nile Delta;;;;;;;;;;;;;x
region_Egypt_East_Suez_Bank;East Suez Bank;;;;;;;;;;;;;x
region_Egypt_West_Suez_Bank;West Suez Bank;;;;;;;;;;;;;x
region_Egypt_Alexandria;Alexandria;;;;;;;;;;;;;x
region_Egypt_Cairo;Cairo Region;;;;;;;;;;;;;x
region_Egypt_South_Red_Sea;South Red Sea;;;;;;;;;;;;;x
region_Sudan_North_Darfur;North Darfur;;;;;;;;;;;;;x
region_Sudan_South_Darfur;South Darfur;;;;;;;;;;;;;x
region_Sudan_West_Darfur;West Darfur;;;;;;;;;;;;;x
region_Sudan_West_Equatoria;West Equatoria;;;;;;;;;;;;;x
region_Sudan_Gedarif;Gedarif;;;;;;;;;;;;;x
region_Sudan_Kassala;Kassala;;;;;;;;;;;;;x
region_Sudan_Kassala_Red_Sea;Kassala Red Sea;;;;;;;;;;;;;x
region_Sudan_Khartoum;Khartoum;;;;;;;;;;;;;x
region_Sudan_North_Kurdufan;North Kurdufan;;;;;;;;;;;;;x
region_Sudan_South_Kordufan;South Kordufan;;;;;;;;;;;;;x
region_Sudan_West_Kurdufan;West Kurdufan;;;;;;;;;;;;;x
region_Sudan_Northern_Sudan;Northern Sudan;;;;;;;;;;;;;x
region_Sudan_Sudanese_River_Nile;Sudanese River Nile;;;;;;;;;;;;;x
region_Sudan_Upper_Nile;Upper Nile;;;;;;;;;;;;;x
region_Sudan_Blue_Nile;Blue Nile;;;;;;;;;;;;;x
region_Sudan_Bahr-al-Ghazal;Bahr-al-Ghazal;;;;;;;;;;;;;x
region_Sudan_Warap;Warap;;;;;;;;;;;;;x
region_Sudan_Jungoli;Jungoli;;;;;;;;;;;;;x
region_Sudan_Eastern_Equatoria;Eastern Equatoria;;;;;;;;;;;;;x
region_Sudan_Halaib_triangle;Halaib triangle;;;;;;;;;;;;;x
region_Ilemi_Triangle_Ilemi_Triangle;Ilemi Triangle;;;;;;;;;;;;;x
region_Kenya_Coastal_Kenya;Coastal Kenya;;;;;;;;;;;;;x
region_Kenya_Eastern_Kenya;Eastern Kenya;;;;;;;;;;;;;x
region_Kenya_North-Eastern_Kenya;North-Eastern Kenya;;;;;;;;;;;;;x
region_Kenya_Rift_Valley;Rift Valley;;;;;;;;;;;;;x
region_Kenya_Western_Kenya;Western Kenya;;;;;;;;;;;;;x
region_Kenya_Central_Kenya;Central Kenya;;;;;;;;;;;;;x
region_Uganda_Western_Uganda;Western Uganda;;;;;;;;;;;;;x
region_Uganda_Central_Uganda;Central Uganda;;;;;;;;;;;;;x
region_Uganda_Northern_Uganda;Northern Uganda;;;;;;;;;;;;;x
region_Uganda_Eastern_Uganda;Eastern Uganda;;;;;;;;;;;;;x
region_Tanzania_Arusha;Arusha;;;;;;;;;;;;;x
region_Tanzania_Dar-Es-Salaam;Dar-Es-Salaam;;;;;;;;;;;;;x
region_Tanzania_Kilimanjaro;Kilimanjaro;;;;;;;;;;;;;x
region_Tanzania_Lindi;Lindi;;;;;;;;;;;;;x
region_Tanzania_Morogoro;Morogoro;;;;;;;;;;;;;x
region_Tanzania_Mwanza;Mwanza;;;;;;;;;;;;;x
region_Tanzania_Rukwa;Rukwa;;;;;;;;;;;;;x
region_Tanzania_Tabora;Tabora;;;;;;;;;;;;;x
region_Tanzania_Zanzibar;Zanzibar;;;;;;;;;;;;;x
region_Malawi_Malawi;Malawi;;;;;;;;;;;;;x
region_Botswana_Central_Botswana;Central Botswana;;;;;;;;;;;;;x
region_Botswana_Kweneng;Kweneng;;;;;;;;;;;;;x
region_Botswana_Ghanzi;Ghanzi;;;;;;;;;;;;;x
region_Botswana_Kgalagadi;Kgalagadi;;;;;;;;;;;;;x
region_Botswana_Ngamiland;Ngamiland;;;;;;;;;;;;;x
region_Zimbabwe_Matabeleland;Matabeleland;;;;;;;;;;;;;x
region_Zimbabwe_Manicaland;Manicaland;;;;;;;;;;;;;x
region_Zimbabwe_Mashonaland;Mashonaland;;;;;;;;;;;;;x
region_Zambia_Luapula;Luapula;;;;;;;;;;;;;x
region_Zambia_Lusaka;Lusaka;;;;;;;;;;;;;x
region_Zambia_Northern_Zambia;Northern Zambia;;;;;;;;;;;;;x
region_Zambia_North-Western_Zambia;North-Western Zambia;;;;;;;;;;;;;x
region_Zambia_Southern_Zambia;Southern Zambia;;;;;;;;;;;;;x
region_Zambia_Western_Zambia;Western Zambia;;;;;;;;;;;;;x
region_Zambia_Central_Zambia;Central Zambia;;;;;;;;;;;;;x
region_Zambia_Eastern_Zambia;Eastern Zambia;;;;;;;;;;;;;x
region_Zambia_Copperbelt;Copperbelt;;;;;;;;;;;;;x
region_South_Africa_Eastern_Cape;Eastern Cape;;;;;;;;;;;;;x
region_South_Africa_KwaZulu-Natal;KwaZulu-Natal;;;;;;;;;;;;;x
region_South_Africa_Gauteng;Gauteng;;;;;;;;;;;;;x
region_South_Africa_Limpopo;Limpopo;;;;;;;;;;;;;x
region_South_Africa_Mpumalanga;Mpumalanga;;;;;;;;;;;;;x
region_South_Africa_Orange_Free_State;Orange Free State;;;;;;;;;;;;;x
region_South_Africa_Western_Cape;Western Cape;;;;;;;;;;;;;x
region_South_Africa_Transvaal;Transvaal;;;;;;;;;;;;;x
region_South_Africa_Namakwa;Namakwa;;;;;;;;;;;;;x
region_South_Africa_Pixley_ka_Seme;Pixley ka Seme;;;;;;;;;;;;;x
region_South_Africa_Siyanda;Siyanda;;;;;;;;;;;;;x
region__Walvis_bay;Walvis bay;;;;;;;;;;;;;x
region_Lesotho_Lesotho;Lesotho;;;;;;;;;;;;;x
region_Swaziland_Swaziland;Swaziland;;;;;;;;;;;;;x
region_The_Gambia_The_Gambia;The Gambia;;;;;;;;;;;;;x
region_Sierra_Leone_Sierra_Leone;Sierra Leone;;;;;;;;;;;;;x
region_Ghana_North_Ghana;North Ghana;;;;;;;;;;;;;x
region_Ghana_South_Ghana;South Ghana;;;;;;;;;;;;;x
region_Tunisia_North_Tunisia;North Tunisia;;;;;;;;;;;;;x
region_Tunisia_South_Tunisia;South Tunisia;;;;;;;;;;;;;x
region_Algeria_Bône;Bône;;;;;;;;;;;;;x
region_Algeria_Batna;Batna;;;;;;;;;;;;;x
region_Algeria_Alger;Alger;;;;;;;;;;;;;x
region_Algeria_Constantine;Constantine;;;;;;;;;;;;;x
region_Algeria_Medea;Médéa;;;;;;;;;;;;;x
region_Algeria_Mostaganem;Mostaganem;;;;;;;;;;;;;x
region_Algeria_Oran;Oran;;;;;;;;;;;;;x
region_Algeria_Orléansville;Orléansville;;;;;;;;;;;;;x
region_Algeria_Saida;Saida;;;;;;;;;;;;;x
region_Algeria_Sétif;Sétif;;;;;;;;;;;;;x
region_Algeria_Tiaret;Tiaret;;;;;;;;;;;;;x
region_Algeria_Tizi-Ouzou;Tizi-Ouzou;;;;;;;;;;;;;x
region_Algeria_Tlemcen;Tlemcen;;;;;;;;;;;;;x
region_Algeria_Adrar;Adrar;;;;;;;;;;;;;x
region_Algeria_Béchar;Béchar;;;;;;;;;;;;;x
region_Algeria_Ouargla;Ouargla;;;;;;;;;;;;;x
region_Algeria_Tamanghasset;Tamanghasset;;;;;;;;;;;;;x
region_Morocco_Tanger;Tanger;;;;;;;;;;;;;x
region_Morocco_North_Morocco;North Morocco;;;;;;;;;;;;;x
region_Morocco_South_Morocco;South Morocco;;;;;;;;;;;;;x
region_Morocco_East_Morocco;East Morocco;;;;;;;;;;;;;x
region_Morocco_Central_Morocco;Central Morocco;;;;;;;;;;;;;x
region_Mauritania_Adrar;Adrar;;;;;;;;;;;;;x
region_Mauritania_Tiris_Zemmour;Tiris Zemmour;;;;;;;;;;;;;x
region_Mauritania_Tagant;Tagant;;;;;;;;;;;;;x
region_Mauritania_Inchiri;Inchiri;;;;;;;;;;;;;x
region_Mauritania_Nouakchott;Nouakchott;;;;;;;;;;;;;x
region_Mauritania_Hodh;Hodh;;;;;;;;;;;;;x
region_Mauritania_Assaba;Assaba;;;;;;;;;;;;;x
region_Mauritania_Brakna;Brakna;;;;;;;;;;;;;x
region_Mali_Timbuktu;Timbuktu;;;;;;;;;;;;;x
region_Mali_Gao;Gao;;;;;;;;;;;;;x
region_Mali_Kayes;Kayes;;;;;;;;;;;;;x
region_Mali_Mopti;Mopti;;;;;;;;;;;;;x
region_Mali_Ségou;Ségou;;;;;;;;;;;;;x
region_Mali_Sikasso;Sikasso;;;;;;;;;;;;;x
region_Mali_Kidal;Kidal;;;;;;;;;;;;;x
region_Mali_Koulikoro;Koulikoro;;;;;;;;;;;;;x
region_Mali_Goundam;Goundam;;;;;;;;;;;;;x
region_Guinea_East_Guinea;East Guinea;;;;;;;;;;;;;x
region_Guinea_West_Guinea;West Guinea;;;;;;;;;;;;;x
region_Cote_dIvoire_Abidjan;Abidjan;;;;;;;;;;;;;x
region_Cote_dIvoire_Bouake;Bouake;;;;;;;;;;;;;x
region_Cote_dIvoire_Yamoussoukro;Yamoussoukro;;;;;;;;;;;;;x
region_Cote_dIvoire_Korhogo;Korhogo;;;;;;;;;;;;;x
region_Togo_Togo;Togo;;;;;;;;;;;;;x
region_Niger_Diffa;Diffa;;;;;;;;;;;;;x
region_Niger_East_Agadez;East Agadez;;;;;;;;;;;;;x
region_Niger_Maradi;Maradi;;;;;;;;;;;;;x
region_Niger_West_Agadez;West Agadez;;;;;;;;;;;;;x
region_Niger_Dosso;Dosso;;;;;;;;;;;;;x
region_Niger_Tahoua;Tahoua;;;;;;;;;;;;;x
region_Niger_Zinder;Zinder;;;;;;;;;;;;;x
region_Niger_Tillabery;Tillabéry;;;;;;;;;;;;;x
region_Burkina_Faso_East_Burkina_Faso;East Burkina Faso;;;;;;;;;;;;;x
region_Burkina_Faso_West_Burkina_Faso;West Burkina Faso;;;;;;;;;;;;;x
region_Benin_Benin;Benin;;;;;;;;;;;;;x
region_Gabon_Ogooue;Ogooué;;;;;;;;;;;;;x
region_Gabon_Libreville;Libreville;;;;;;;;;;;;;x
region_Cameroon_British_South_Cameroon;British South Cameroon;;;;;;;;;;;;;x
region_Cameroon_Nord_Cameroon;Nord Cameroon;;;;;;;;;;;;;x
region_Cameroon_Centre_Cameroon;Centre Cameroon;;;;;;;;;;;;;x
region_Cameroon_Est_Cameroon;Est Cameroon;;;;;;;;;;;;;x
region_Republic_of_Congo_Nord_du_Congo;Nord du Congo;;;;;;;;;;;;;x
region_Republic_of_Congo_Plateaux_du_Congo;Plateaux du Congo;;;;;;;;;;;;;x
region_Republic_of_Congo_lOuest_du_Congo;l'Ouest du Congo;;;;;;;;;;;;;x
region_Central_African_Republic_Mambere;Mambéré;;;;;;;;;;;;;x
region_Central_African_Republic_Kemo;Kémo;;;;;;;;;;;;;x
region_Central_African_Republic_Vakaga;Vakaga;;;;;;;;;;;;;x
region_Central_African_Republic_Mbomou;Mbomou;;;;;;;;;;;;;x
region_Central_African_Republic_Bangui;Bangui;;;;;;;;;;;;;x
region_Djibouti_Djibouti;Djibouti;;;;;;;;;;;;;x
region_Chad_Borkou;Borkou;;;;;;;;;;;;;x
region_Chad_Ennedi;Ennedi;;;;;;;;;;;;;x
region_Chad_Mayo-Kebbi;Mayo-Kebbi;;;;;;;;;;;;;x
region_Chad_Batha;Batha;;;;;;;;;;;;;x
region_Chad_Salamat;Salamat;;;;;;;;;;;;;x
region_Chad_Kanem;Kanem;;;;;;;;;;;;;x
region_Chad_Biltine;Biltine;;;;;;;;;;;;;x
region_Chad_Guera;Guéra;;;;;;;;;;;;;x
region_Chad_Logone;Logone;;;;;;;;;;;;;x
region_Chad_Chari-Baguirmi;Chari-Baguirmi;;;;;;;;;;;;;x
region_Madagascar_Antsiranana;Antsiranana;;;;;;;;;;;;;x
region_Madagascar_Antananarivo;Antananarivo;;;;;;;;;;;;;x
region_Madagascar_Mahajanga;Mahajanga;;;;;;;;;;;;;x
region_Madagascar_Toliary;Toliary;;;;;;;;;;;;;x
region_Western_Sahara_Western_Sahara;Western Sahara;;;;;;;;;;;;;x
region_Equatorial_Guinea_Equatorial_Guinea;Equatorial Guinea;;;;;;;;;;;;;x
region_Angola_Uige;Uíge;;;;;;;;;;;;;x
region_Angola_Lunda;Lunda;;;;;;;;;;;;;x
region_Angola_Cabinda;Cabinda;;;;;;;;;;;;;x
region_Angola_Cuando_Cubango;Cuando Cubango;;;;;;;;;;;;;x
region_Angola_Malanje;Malanje;;;;;;;;;;;;;x
region_Angola_Moxico;Moxico;;;;;;;;;;;;;x
region_Angola_Cuanza;Cuanza;;;;;;;;;;;;;x
region_Angola_Luanda;Luanda;;;;;;;;;;;;;x
region_Angola_Namibe;Namibe;;;;;;;;;;;;;x
region_Angola_Benguela;Benguela;;;;;;;;;;;;;x
region_Guinea-Bissau_Guinea-Bissau;Guinea-Bissau;;;;;;;;;;;;;x
region_Cape_Verde_Cape_Verde;Cape Verde;;;;;;;;;;;;;x
region_Mozambique_Zambezia;Zambezia;;;;;;;;;;;;;x
region_Mozambique_Tete;Tete;;;;;;;;;;;;;x
region_Mozambique_Niassa;Niassa;;;;;;;;;;;;;x
region_Mozambique_Nampula;Nampula;;;;;;;;;;;;;x
region_Mozambique_Cabo_Delgado;Cabo Delgado;;;;;;;;;;;;;x
region_Mozambique_Sofala;Sofala;;;;;;;;;;;;;x
region_Mozambique_Maputo;Maputo;;;;;;;;;;;;;x
region_Liberia_Liberia;Liberia;;;;;;;;;;;;;x
region_Zaire_Mongala;Mongala;;;;;;;;;;;;;x
region_Zaire_Tshuapa;Tshuapa;;;;;;;;;;;;;x
region_Zaire_Lualaba;Lualaba;;;;;;;;;;;;;x
region_Zaire_Tanganika;Tanganika;;;;;;;;;;;;;x
region_Zaire_Maniema;Maniema;;;;;;;;;;;;;x
region_Zaire_Nord-Kivu;Nord-Kivu;;;;;;;;;;;;;x
region_Zaire_Bas-Uele;Bas-Uele;;;;;;;;;;;;;x
region_Zaire_Haut-Uele;Haut-Uele;;;;;;;;;;;;;x
region_Zaire_Ituri;Ituri;;;;;;;;;;;;;x
region_Zaire_Bas-Congo;Bas-Congo;;;;;;;;;;;;;x
region_Zaire_Kwango;Kwango;;;;;;;;;;;;;x
region_Zaire_Mai-Ndombe;Mai-Ndombe;;;;;;;;;;;;;x
region_Zaire_Équateur;Équateur;;;;;;;;;;;;;x
region_Zaire_Ubangi;Ubangi;;;;;;;;;;;;;x
region_Zaire_Haut-Shaba;Haut-Shaba;;;;;;;;;;;;;x
region_Zaire_Haut-Lomami;Haut-Lomami;;;;;;;;;;;;;x
region_Zaire_Kasai-Occidental;Kasaï-Occidental;;;;;;;;;;;;;x
region_Zaire_Tshopo;Tshopo;;;;;;;;;;;;;x
region_Zaire_Kasai-Oriental;Kasaï-Oriental;;;;;;;;;;;;;x
region_Zaire_Sud-Kivu;Sud-Kivu;;;;;;;;;;;;;x
region_South_Kasai;South Kasai;;;;;;;;;;;;;x
region_Rwanda_Rwanda;Rwanda;;;;;;;;;;;;;x
region_Burundi_Burundi;Burundi;;;;;;;;;;;;;x
region_Libya_Sirte;Sirte;;;;;;;;;;;;;x
region_Libya_Misratah;Misratah;;;;;;;;;;;;;x
region_Libya_Al_Kufrah;Al Kufrah;;;;;;;;;;;;;x
region_Libya_Bayda;Bayda;;;;;;;;;;;;;x
region_Libya_Darnah;Darnah;;;;;;;;;;;;;x
region_Libya_Benghazi;Benghazi;;;;;;;;;;;;;x
region_Libya_Awbari;Awbari;;;;;;;;;;;;;x
region_Libya_Sabhah;Sabhah;;;;;;;;;;;;;x
region_Libya_Al_Jabal_al_Gharbi;Al Jabal al Gharbi;;;;;;;;;;;;;x
region_Libya_Al_Khums;Al Khums;;;;;;;;;;;;;x
region_Libya_Tarabulus;Tarabulus;;;;;;;;;;;;;x
region_Somalia_Bari;Bari;;;;;;;;;;;;;x
region_Somalia_British_Somaliland;British Somaliland;;;;;;;;;;;;;x
region_Somalia_Nugaal;Nugaal;;;;;;;;;;;;;x
region_Somalia_Galguduud;Galguduud;;;;;;;;;;;;;x
region_Somalia_Mogadishu;Mogadishu;;;;;;;;;;;;;x
region_Ethiopia_Tigray;Tigray;;;;;;;;;;;;;x
region_Ethiopia_Ethiopian_Southern_Nations;Ethiopian Southern Nations;;;;;;;;;;;;;x
region_Ethiopia_South_Somali;South Somali;;;;;;;;;;;;;x
region_Ethiopia_North_Somali;North Somali;;;;;;;;;;;;;x
region_Ethiopia_Gambela;Gambela;;;;;;;;;;;;;x
region_Ethiopia_Center_Somali;Center Somali;;;;;;;;;;;;;x
region_Ethiopia_Benshangul-Gumaz;Benshangul-Gumaz;;;;;;;;;;;;;x
region_Ethiopia_Amhara;Amhara;;;;;;;;;;;;;x
region_Ethiopia_Afar;Afar;;;;;;;;;;;;;x
region_Ethiopia_Addis_Ababa;Addis Ababa;;;;;;;;;;;;;x
region_Ethiopia_North_Oromia;North Oromia;;;;;;;;;;;;;x
region_Ethiopia_South_Oromia;South Oromia;;;;;;;;;;;;;x
region_Eritrea_West_Eritrea;West Eritrea;;;;;;;;;;;;;x
region_Eritrea_East_Eritrea;East Eritrea;;;;;;;;;;;;;x
region_Namibia_Oshikoto;Oshikoto;;;;;;;;;;;;;x
region_Namibia_Khomas;Khomas;;;;;;;;;;;;;x
region_Namibia_Kavango;Kavango;;;;;;;;;;;;;x
region_Namibia_Caprivi;Caprivi;;;;;;;;;;;;;x
region_Namibia_Erongo;Erongo;;;;;;;;;;;;;x
region_Namibia_Hardap;Hardap;;;;;;;;;;;;;x
region_Namibia_Karas;Karas;;;;;;;;;;;;;x
region_Namibia_Kunene;Kunene;;;;;;;;;;;;;x
region_Namibia_Otjozondjupa;Otjozondjupa;;;;;;;;;;;;;x
region_Nigeria_Nigerian_Capital;Nigerian Capital;;;;;;;;;;;;;x
region_Nigeria_Northwestern_Nigeria;Northwestern Nigeria;;;;;;;;;;;;;x
region_Nigeria_Kaduna;Kaduna;;;;;;;;;;;;;x
region_Nigeria_Kwara;Kwara;;;;;;;;;;;;;x
region_Nigeria_Benue-Plateau;Benue-Plateau;;;;;;;;;;;;;x
region_Nigeria_East_Central_Nigeria;East Central Nigeria;;;;;;;;;;;;;x
region_Nigeria_Cross_River;Cross River;;;;;;;;;;;;;x
region_Nigeria_Western_Nigeria;Western Nigeria;;;;;;;;;;;;;x
region_Nigeria_Bendel;Bendel;;;;;;;;;;;;;x
region_Nigeria_Rivers;Rivers;;;;;;;;;;;;;x
region_Nigeria_Borno;Borno;;;;;;;;;;;;;x
region_Nigeria_Taraba;Taraba;;;;;;;;;;;;;x
region_Nigeria_British_Northern_Cameroons;British Northern Cameroons;;;;;;;;;;;;;x
region_France_Mayotte;Mayotte;;;;;;;;;;;;;x
region_Comoros_Comoros;Comoros;;;;;;;;;;;;;x
region_Mauritius_Mauritius;Mauritius;;;;;;;;;;;;;x
region_France_Reunion;Reunion;;;;;;;;;;;;;x
region_Senegal_North_Senegal;North Senegal;;;;;;;;;;;;;x
region_Senegal_South_Senegal;South Senegal;;;;;;;;;;;;;x
region_Portugal_Sao_Tome_and_Principe;Sao Tome and Principe;;;;;;;;;;;;;x
region_UK_Seychelles;Seychelles;;;;;;;;;;;;;x
region_UK_St_Helena;St. Helena;;;;;;;;;;;;;x
region_Turkey_Bursa;Bursa;;;;;;;;;;;;;x
region_Turkey_Istanbul;Istanbul;;;;;;;;;;;;;x
region_Turkey_Izmir;Izmir;;;;;;;;;;;;;x
region_Turkey_Aydin;Aydin;;;;;;;;;;;;;x
region_Turkey_Antalya;Antalya;;;;;;;;;;;;;x
region_Turkey_Adana;Adana;;;;;;;;;;;;;x
region_Turkey_Konya;Konya;;;;;;;;;;;;;x
region_Turkey_Ankara;Ankara;;;;;;;;;;;;;x
region_Turkey_Kayseri;Kayseri;;;;;;;;;;;;;x
region_Turkey_Kastamonu;Samsun;;;;;;;;;;;;;x
region_Turkey_Trabzon;Trabzon;;;;;;;;;;;;;x
region_Turkey_Diyarbakir;Diyarbakir;;;;;;;;;;;;;x
region_Turkey_Van;Van;;;;;;;;;;;;;x
region_Turkey_Erzurum;Erzurum;;;;;;;;;;;;;x
region_Iraq_Al-Anbar;Al-Anbar;;;;;;;;;;;;;x
region_Iraq_Iraqi_Kurdistan;Iraqi Kurdistan;;;;;;;;;;;;;x
region_Iraq_North_Iraq;North Iraq;;;;;;;;;;;;;x
region_Iraq_Southwest_Iraq;Southwest Iraq;;;;;;;;;;;;;x
region_Iraq_Southern_Iraq;Southern Iraq;;;;;;;;;;;;;x
region_Iraq_Central_Iraq;Central Iraq;;;;;;;;;;;;;x
region_United_Arab_Emirates_United_Arab_Emirates;United Arab Emirates;;;;;;;;;;;;;x
region_Kuwait_Kuwait;Kuwait;;;;;;;;;;;;;x
region_Syria_Damascus;Damascus;;;;;;;;;;;;;x
region_Syria_Aleppo;Aleppo;;;;;;;;;;;;;x
region_Lebanon_Lebanon;Lebanon;;;;;;;;;;;;;x
region_Jordan_Jordan;North Jordan;;;;;;;;;;;;;x
region_Jordan_South_Jordan;South Jordan;;;;;;;;;;;;;x
region_Israel_West_Bank;West Bank;;;;;;;;;;;;;x
region_Israel_Gaza_Strip;Gaza Strip;;;;;;;;;;;;;x
region_Israel_Golan;Golan;;;;;;;;;;;;;x
region_Israel_Israel;Israel;;;;;;;;;;;;;x
region_Qatar_Qatar;Qatar;;;;;;;;;;;;;x
region_Bahrain_Bahrain;Bahrain;;;;;;;;;;;;;x
region_Oman_North_Oman;North Oman;;;;;;;;;;;;;x
region_Oman_Central_Oman;Central Oman;;;;;;;;;;;;;x
region_Oman_Al_Wusta;Al Wusta;;;;;;;;;;;;;x
region_Oman_Dhofar;Dhofar;;;;;;;;;;;;;x
region_North_Yemen_Sana;San`a';;;;;;;;;;;;;x
region_North_Yemen_Sadah;Sa`dah;;;;;;;;;;;;;x
region_South_Yemen_Mahra;Mahra;;;;;;;;;;;;;x
region_South_Yemen_Federation_of_South_Arabia;Federation of South Arabia;;;;;;;;;;;;;x
region_South_Yemen_Kathiri;Kathiri;;;;;;;;;;;;;x
region_South_Yemen_Quaiti;Quaiti;;;;;;;;;;;;;x
region_Saudi_Arabia_Al_Hudud_ash_Shamaliyah;Al Hudud ash Shamaliyah;;;;;;;;;;;;;x
region_Saudi_Arabia_Al_Jawf;Al Jawf;;;;;;;;;;;;;x
region_Saudi_Arabia_Al_Madinah;Al Madinah;;;;;;;;;;;;;x
region_Saudi_Arabia_Al_Quassim;Al Quassim;;;;;;;;;;;;;x
region_Saudi_Arabia_South_Ar_Riyad;South Ar Riyad;;;;;;;;;;;;;x
region_Saudi_Arabia_North_Ash_Sharqiyah;North Ash Sharqiyah;;;;;;;;;;;;;x
region_Saudi_Arabia_Hail;Ha'il;;;;;;;;;;;;;x
region_Saudi_Arabia_Najran;Najran;;;;;;;;;;;;;x
region_Saudi_Arabia_Tabuk;Tabuk;;;;;;;;;;;;;x
region_Saudi_Arabia_Makkah;Makkah;;;;;;;;;;;;;x
region_Saudi_Arabia_Jizan;Jizan;;;;;;;;;;;;;x
region_Saudi_Arabia_North_Ar_Riyad;North Ar Riyad;;;;;;;;;;;;;x
region_Saudi_Arabia_South_Ash_Sharqiyah;South Ash Sharqiyah;;;;;;;;;;;;;x
region_Greenland_Greenland;Greenland;;;;;;;;;;;;;x
region_Denmark_Faroyar;Faroyar;;;;;;;;;;;;;x
region_Spain_Balearic_Islands;Balearic Islands;;;;;;;;;;;;;x
region_UK_Indian_Ocean_Territories;Indian Ocean Territories;;;;;;;;;;;;;x
#region_UK_St_Helena;St. Helena;;;;;;;;;;;;;x
region_Turks_Caicos;Turks and Caicos Islands;;;;;;;;;;;;;x
region_USA_Virgin_Islands;Virgin Islands;;;;;;;;;;;;;x
region_UK_Antigua_Barbuda;Antigua and Barbuda;;;;;;;;;;;;;x
region_UK_Saint_Kitts;Saint Kitts and Nevis;;;;;;;;;;;;;x
region_Montserrat;Montserrat;;;;;;;;;;;;;x
region_France_Guadeloupe;Guadeloupe;;;;;;;;;;;;;x
region_Saint_Lucia;Saint Lucia;;;;;;;;;;;;;x
region_France_Martinique;Martinique;;;;;;;;;;;;;x
region_UK_Anguilla;Anguilla;;;;;;;;;;;;;x
region_Dominica_Dominica;Dominica;;;;;;;;;;;;;x
region_UK_Lesser_Antilles;British Lesser Antilles;;;;;;;;;;;;;x
region_India_Lakshadweep;Lakshadweep;;;;;;;;;;;;;x
region_Japan_Kyushu;Kyushu;;;;;;;;;;;;;x
region_Macau_Macau;Macau;;;;;;;;;;;;;x
black_sea_region;Black Sea;;;;;;;;;;;;;x
baltic_sea_region;Baltic Sea;;;;;;;;;;;;;x
azov_sea_region;Sea of Azov;;;;;;;;;;;;;x
red_sea_region;Red Sea;;;;;;;;;;;;;x
north_sea_region;North Sea;;;;;;;;;;;;;x
norwegian_sea_region;Norwegian Sea;;;;;;;;;;;;;x
mediterranean_region;Mediterranean Sea;;;;;;;;;;;;;x
greenland_sea_region;Greenland Sea;;;;;;;;;;;;;x
baffin_bay_region;Baffin Bay;;;;;;;;;;;;;x
hudson_bay_region;Hudson Bay;;;;;;;;;;;;;x
gulf_of_mexico_region;Gulf of Mexico;;;;;;;;;;;;;x
caribbean_sea_region;Caribbean Sea;;;;;;;;;;;;;x
okhotsk_sea_region;Sea of Okhotsk;;;;;;;;;;;;;x
